"Call Id","Words","Prospect"
"1058206362","hey ","Service"
"1058210862","yesterday I was having issues with my AC and then yesterday it started running better so I called and camp and I made for this afternoon for last night it was struggling again so Locust Street 37 Locust Street st. Thomas and we change that to a scratch I talked to I don't know if it was yourself or whoever yeah we were talking but I just like to goback to the what I had originally who have he looked at right now and we'll just go from there I will have have anybody so what what is it now just struggling with first like it struggles the day but yesterday was fine when I left the house it was my wife it all day long and then it just seems average 1 + 1/8 it's not shutting off the heat struggles that night like last night instead of his staying cost and it started a rise in the evening in the house so citizen 3 my time I went to bed it was in at 25 so I just raise the temperature and let it rest overnight and just ran life and this morning when we turn it back on again and it seems to be cool again cooler this morning like it's still not as cold as it used to be I think I mean so it's just it not working as well as we want so I don't know if it's going to leave her what I don't know I want to him when he's there he'll this permanent West receded and then go from there so I was looking to you probably tomorrow night unless it's too late I know it's kind of now and also so I will have that I give you a call when that best times more guys so you know when it's your cousin available okay my number 90306 ","Service"
"1058244292","if I make you smile hi I just wanted to ask a question my father needs I can wear it it pretty sure he doesn't he has a very old and I'm just curious would you be able to have have someone come over and have a look bad if you didn't both Catherine day tomorrow so you could today that right okay just called to me if he doesn't seem to be the moment I'm sure it wasn't going to be long what might be a good time could have someone bye new laws no I probably would be good he would be home then so 5 o'clock so okay I'll give you his best beth Swanson and I see his person tell me when he left Marcone they are cos address it's on dresses 2:33 so Crest Drive Neil good there yet 6 J 2 94714 for for today at 5:40 that sounds great andwonderful how are you don't miss the way now John and I met someone who it is but I know it's a family but that's it bye ","Sales"
"1058253809","Maria speaking how can I make you smile hi somebody come out look at my house probably 7/8 house I don't know for sure I knowthere was other wiring done and it was copper wire used not really sure have been through a patient or not at all sure is Stan Mona mo why and a you GH Topeka Pauline prescient to London Colleen at p l i n e was there to El 3 I'll give you my cell 519-282-3668 free crap it's an email I feel little sure it's Janice J an icy e not Molina EEG sympatico dot c a Wi-Fi I have had got some cards in the mail while back and just got finally got around to doing something about this issue the mail out she had hey is real need a credit for you know I'm home most days and just be what their schedule is like Idon't have anybody's today today I got someone available tomorrow for 2 o'clock would be love great Cox alright I will double John and Calvin school tomorrow for two little John and Kyle that's press Ranch thank you ","Service"
"703335555","hi it's Jennifer Michelson calling I'm calling from Memorial Funeral Home in London hi I just God I just wish everything Pirelli Park Road East between Clark and hungry her for a day or so I will make her feel better if we had it checked it if we can okay I have a funeral that might be me this right in the main hallway really we're here til at walk if I can get there earlier I do between 8:30 that's fine okay thanks bye okay thanks bye bye ","Service"
"1058285224","speaking to make a smile hey I was just wondering if you guys have a free coats impossible to eat their house and I was just wondering if Mr what we are is for Lee Brown it's coming from the ceiling and it's like a stain on the ceiling wall so we don't know where the other if possible there's a wash from above it okay be either a Plumbing Leak or from toilet or the shower I'm not quite sure so you're around or anywhere that you know nothing if you go on the wash movie on the ground so this first nation plumbing and then she'll come to meet the wall we were out of town for a couple days so we noticed a week but it's right now yeah I don't know whether you should be no problem I'll schedule my plumber to come out on site now there is a $9 match so comma he will go over everything first movie an accurate price then go ahead Book Pro Repair sorry there's no free estimate free tolet you know it's a problem they're coming for the work because something like that he can you know prepare what it if you and then we can I schedule them for you who's good just don't want to swing by if I don't know issues I don't want no issue is but I spend any money but I'll call back I think it's on the same I think you very much ","Service"
"703301767","service Maria speaking from a castle you are perfectly we're here phone number 960-3703 so I will schedule one of our technicians to come out the Cove everything first season accurate price repairs and then goahead with the repair they will text extra text me or MasterCard coming available probably next week now I know we have a cancelation with that someone will give you a call when ","Service"
"1058288725","the greatness of a serious how can I make mile I had been out for 54 + Pi + howdy howdy electrician to come over I guess was last week now and then we had the dates mixed on the first time and you never came by on a second we are a legally was real nice cuz he's so he's going to change it to Thursday I showed up on the case then your schedule to the next week I think it was the den meeting he just sent me an inmate yeah I've got you up on the table for July Fest got availability and I can you'll go give you a calllike to be late morning okay with you or they're going to work tonight so you leave Elite I was like hi Pam at the latest and my wife my wife's not home so I would have to like a lot but that's my life and I'm going to work so for a full like late morning yes Alfred so he would be one but we will seeyou on the 10th and I got an air conditioner from you guys last year and I'm not sure what the and this is going anywhere visit ask if you know what time what time warranties on these 1X year or is it a couple years 1 year labor on it can you call us so late as usual well I left your house yeah anyway so the who's possibly consider this thing schedules the first year you guys were going to call me something but that's first your service today a 20 Pier 1 was installed you have so when we came last said fireplace furnace yeah looks like Stacey or fireplaces you breathe who is mainly the fireplace I just got it in about 2 number has a fireplace service I had my mother pointed out to me that that was not racing I just me cuz fireplaces at Austin or you get the gas bar face yeah I would order fight fight last year because he thought the call we're going to be used if I could find someone with a house so she has asked you know bath and everything so anything She's suffering you already tight pussy for free Fitness for your air conditioning want to schedule like a I was trying to do that and then maybe I don't know if I can get this fireplace in the furnace this year maybe this year and then I'm on the same schedule for next year it's a free one I'm just curious about one thing I have no choice really quiet town obviously it's very quite urgent when it's lost it okay so I'm not sure if that's something was it was always do I'll be sleeping a lot more now that was obviously obviously a lot in the seat so if you can just here punk sometimes and you remember if I kind of work your ad on the Craigslist the service guys came in 7 nights if there's any of the services pretty good service and then you can maybe tell me first normally not also I was there a time that's 4 for your ex weather foryou for your are well I am I'm around then I can answer that I'm gone for the rest of next week then the week after that I should be so I'm going to go to go to town so he's so it'll be either 9th or 10th when this point fix available I will try morning would be later morning as well so we're going on the night free if you like my bless be home so I can work with you at all or are you aware of that alright I saw it did leave us come out we will come out and we will go over all these programs and then you know if you wanted to sign up for that you can have a furnace and add your friend's place would be an additional $6 if you wanted to come out to be your face you don't always have to be you but when I'm on once a year to do your furnace can I know 60 with Jason when Veritas Guetta okay and what time what is the price so for both the 7 pack for the month really the 189 97 taxes for the year you want to pay them so we would come out with this plan if you were to come out without you signing up for HPP for your furnace alone so happy and as beneficial sick people your air conditioner and then an additional 6 for your fire so what does this plan includes or so it doesn't then you also if you need it before it goes comma the only come out we would that would be $59 a slice and then that would give you percent off the work as well play on thepaperwork they said it going on that now and then we will see you on the 9th late morning thank you ","Service"
"1058295288","how to make a smile how are you service on my yeah there are is not working there will work it's just I think the conversation doesn't get paid so it runs out of the furnace and then runs all over 4 figures sex but yeah put in a service call so 47 Broadway Avenue what's what is your availability then I'll see you some time off work I have someone available to us we'll see Pitbull like an emergency and then I will have someone give you a call you're always available at home you said or I mean it's it's like tomorrow or something like that I like you know that's okay too bye does it have to be and private eye Friday I don't have any Friday Thursday unless I can I get someone give you a call like on Thursday for whenever we can get someone else sometime I'll have my of doing that date with at work my cellphone that'd be great alright we'll see you ","Service"
"703276105","okay bye bye ","Sales"
"703275545","okay okay Michael Savino what he looks like he's phone number goes to the same and you are the home protected for me right Alright I'm done for today first available is next Tuesday if you have a pencil April and get someone to give you a call looking at the schedule here as well caught up on this I can get someone at the end of the day and being.com of 1 days are good I it is very minor after how do I go about that okay okay well I'll put you in for Friday so excited okay bye in the afternoon when are you available for someone could call them to confirm for sure coming out there okay I'll give you a call when you know something comes up okay ","Service"
"703132908","calling from the health services your call is important to us please stay on the line and we'll be right with you for him okay ","Sales"
"1058416848","wake me up on an impressive and I have to make you smile I don't know if you want to hold out quite answer I don't know it's pretty warm in my house so I'm just calling to see what your game time is 4 to come home to have a check of an ACunit you guys did some work for us a couple years ago okay it's just a question of the cold air cool air is coming out so we're wondering if we've lost our Freon or whatever and where there's a leak or something I could have someone to tell you to wear it comma so I don't know it was possible just coming home have a quick looks really bad so I wouldn't go over Britney and sign and I was the unit on time then checking the first make sure there's nothing wrong with them please you're at the 37 Locust Street phone number for 96130 home number maybe it might be best to give you my cellphone 519-537-0308 so I can definitely put in the schedule for Thursday would you prefer morning or afternoon what time would the morning Monday it was worth my wife works tonight so I mean if we could do it before she like now that be great yeah I know we've me look I know later in the morning what's the latest appointment on Thursday then that'll be good okay that would work just put in here after 2 you are all that I appreciate it thank you very much have a problem have a good day bye bye ","Service"
"703043661","yes I called last week regarding that was used okay we have for sale problem hey Justin ","Service"
"703029988","you're welcome ","Service"
"1058474910","great to have fun in home service this is an are going a mile a minute here we are I'm sitting on a house by the 4th we are you guys might be able to give us a quote it is definition of vicious and you're you're correct as when we went with how long will it take we had some of us a quote they don't have this number 236 what was the average ohh in e Brooks for us yeah it's 30 just hard cuz we this service area you know anyone in the area I don't know anyone who would there I know people warms or 0 but not around there okay alright story ","Service"
"1058485503","stop it out or whatever I promise ","Service"
"1058502897","great day Autism Services with a smile it all depends on how are you good thing is working so I'm on the phone as aluminum okay so we are wondering how much rewiring is inexpensive up now I know it's wrong but 12000 there are other options you have as aluminum aluminum freaky right oh yeah because we're taking this into consideration when they were originally quotedfrom $9,000 it's a two story it's it used to be a ranch and then it was the ranch and then the first of all Second Story okay Second Story it's Bill aluminum or do they do it in Carper figure out we get something in to do an inspection figure all this out and of course working pretty much 6 days of each time I have to do it on the phone now how would that go cuz I know we bought a old home this is years back there was a home inspector thank you so interested so is it is it an issue to have someone to like get are coming look so yeah your dad was doing I'll just read it all up with realist I really patience okay okay alright yeah sure trucks that is pH I ll IPS mission I'm not wasting any time Fort Lee Alda Bear Avenue yeah my main cells 448 three three hello Maria this problem whatsoever so if it's time that works with your someone what cost for the no cost okay so what I will do is I will what your availability time for you alright see you what I know okay Kelly off work alright so what I will do is I will get a hold of her and then I willcall back within the next hour let me just double check Define problem alright thanks bye ","Sales"
"1058517917","that's great it finding them Curtis this is Diana how to make you smile I am calling on the service you for a couch my residence where I'm living my air conditioner has no fucking so not working at all we were away for 321 weeks it's not work that's nothing that's no fun to come home so yeah well I had youguys out where you weeks ago when will house it is and course of course the last time they Heat game and we have it went through okay my good sorry your address is 21 Cross C our ohh T ohh n Road West we're in London and the first name is Michael and my ke LL e I must be a d e n postal code 6 e 3 C 592256 to self and I get an email address from you so we can m e d e n n Cold today actually I can Friday yes I'm trying someone available kind of latemorning so you can come between 9:11 got an appointment and I do end of the day then after 2:35 or 2:30 yes 23430 okay it's perfectly okay ","Service"
"1058527715","if it services and a half mile calling you're hot and beer so I see replaces see so your AC isn't workingright now or I'm a terrible week although I suppose okay are you available Superbowl pending Network us know what's what's your address again 313 Monroe the HDL t e n h am Emeril's there does yes I want to go Bruce Wiley I have two phone numbers here I just want to go I have a 4:45 and then I have a 519-435-4621 work perfect what time you're home be home 2 and 4 really between 11 and 1 girls are 4:11 o'clock 11 a.m. morning no problem alright you are all on envelope there for you John 11 this morning you are to come you're welcome ","Sales"
"702896495","awesome thanks ","Service"
"1058534569","I am service this is Anna how can we make you smile I know you can make this round by sending me an air conditioning yeah quit on Friday night okay what's your address 72 Wakefield Place I recently had an ankle have one of your machines out here doing a service check on my furnace an air conditioner and I bought into the service plan so I'm I'm expecting I guess on the line service whateverelse edible I will have carols over there for you you're welcome ","Service"
"702749010","map ","Service"
"1058699722","thank you for calling kinda home service it's Terry how can I make a smile Hi how are you what is a service okay is it for today so have to be for today but no not even set up okay alright have a message to give you a call in the morning okay what is your name what McClelland MCC l e l l a n d 47 Broadway Avenue as one 9 652 0 eight seven nine so that it runs doesn't work there was a need this fixed today what's the normal schedule ","Service"
"702609932","not available p i c 1630 store Road Unit number +51-986-075-0519 7567 yes so every store phone or separate and going outside and I'll try to different site so it's not I'm not sure if it just doesn't really bad so I don't know if it's a while cuz I feel free to try me like they're not going through cuz obviously whether or it is going to like Frozen stuff or anything like that ifyou can only talk for like that alright schedule something morning Milton ","Service"
"702583695","I'm sorry ","Service"
"702433849","okay ","Sales"
"702358586","hi Lauren how are you I'm sure you're still I think it's a close today okay so you're in Concord yeah that may be good hi Noel I guess I need to find a new her we were on for the house is not I do business with them overhead no worries thank you for waiting ","Service"
"1058993587","mercies whatever appointment or we got an emergency page me on coworker ","Service"
"702209097","very welcome ","Service"
"702192531","Sally available today or no yeah ","Service"
"701988014","hi Maria it's Dr Godwin hey Matt this coming Wednesday not Wednesday 11 you don't have to movie time okay well we were working out ","Service"
"701984202","hey Kareem it's Maria July good morning afternoon about 12 close to California that okay okay perfect ","Service"
"1059239330","it's a good day for that Maya has an amazing smile there we got a quote on how much it cost to put a 220 volt but letting in my garage it's 9410 a lot this fucking an electric car and have you been looking for a number of years ago I had you feel so your address okay 19970 Side Drive alright 19 Sunnyside Drive yes phone number 205-195-8455 so I will I schedule one of our elect percent now so you know there was a $59 discount so come on site to go over everything first to give you an accurate price then go ahead with anything today you wanted a quote at this point okay so first available I have are you going to hurry for this so we're little bit your words mom and I heard that whether the government rid of those there's a rebate program for the coversthe cost of the cost of flying the plug in and half of the cost of the insulation like a late morning with my work don't know what my I won't work forme I'm at I'm at work I don't have time my my wife and evenings are better for us but I don't know whether she can go home or not what time are you thinking if something 10 and 12 okay I'll find out if she's available at the time and and let you and let you know is there as her alternate time then again early afternoon late afternoon tomorrow or 10 o'clock next week by 6 or so then we're going to the following week and and and what what does Illinois pain treatment and then you have availability the following week what's the afternoon like when do what's the latest time time with me are you here in lunch anyhow we're out so no problem I can get them there like around 3 so that's the way the signs not very handy for people that are at work yeah I will I will have to give you talked to my wife and give you a shout because I don't know the answer to those two questions I know one piece is prettymuch going to have to be awful ","Service"
"701917174","so not sure how fast you get is there any way okay ","Sales"
"701915378","or our current what does seem to be the problem it's not her okay no problem I'm in the store friend's house she said okay okay Torrey Pines Way x y n e s okay okay 3 Pine and that's here in London there is zero three one six Google the Hollywood we'll schedule our to the next person to come over everything first give you an accurate price thank ahead with any repairs that you're available or can we give youa heads up right now for next week now I will take a look see a someone call him okay alright half hour 15 minutes I have fun I think I will give you a call when there's availability okay okay okay so for your for the next call here what's the same okay tonight is not working I get all the information for that as well so for my PIN number your phone number okay I'll put it on 4.2 and then someone's available then okay oh comma for everything what the problem is and then go ahead with repairs on Monday able to accept cash checks Visa Mastercard I think you bye ","Service"
"701900073","okay sorry ","Service"
"1059444381","how to make a smile hi my name is Santa Claus Hydro here for a left go work I'm having problem in my bathroom sink I am closet to me and statement and it came out and I have no idea new one in so I got to leak underneath the sink I know it's probably just a very simple fix I feel like a baby no worries at all not gonna ring you said I think it's working all ring is 50 or keep it from one it's training for my now thanks but the rubber ring peace can you know when I went to sneak over here yeah yeah alright no problem I was out of yeah 50 Avenue I had some iPhone number still the same yeah okay I feel stupid even calling you guys it's probably something I shouldknow how to do but I don't girl but we also every cab has different you know so that that's not our notes in the Dreamhouse go to chemo and her you'renot the right now it's just not as yeah it's yeah the rubber yeah yeah I have a container nice okay alright I will look to see if I'm available beforetomorrow he's a little bit school for tomorrow but if I can come are you available tomorrow to do I Am heads up yes I will ask you if it's like a halfhour see I have to drop my daughter off at school by like 28 or 29 and then I guess around for Holly Smith he will is fine as long as there's something as I can get my daughter from school I will Ryan he'll come on now it's just me neither was $59. He'll come on site he will go over everything first you know what the repairs are and go from there okay he's been sick Visa Mastercard I will have fun with you off like 60 minute heads up on his on his bills okay thank you thank you bye bye ","Service"
"701704499","okay thank you bye bye ","Service"
"1059475767","final hole hello this is Alex and I'm looking for a central air conditioning basically I'm located in London Ontario and I'm looking for a budget person I need a pound year and if there yeah so yeah yeah it's a two story house 30 square foot regular gas furnace the booking okaywell do you feel the price is going to be for a 2013 year I don't know what you want but they would have to come out it'll cost Avenue yeah I'm looking for something that is below 2900 yeah possible yeah let's make a woman's below cleaner great yes 902 Comfort consultant one if you want to okay let'sdo it do you know my Camaro you have higher prices and average more like Everest prices yes I have a really high prices my call dial 1 now you know growing company prices are way above what I expected well with you I'm heading over half of that the score prices today I gotta I'm getting pricing some 2300 other 80 Days From You know I'm trusted sources and ruin a person to want to work but I like you had an appointment so if I was going to go like 2900 but it's a little bit about what I expect a crisis can you know in my ring and well I have you know the more told me obviously price is going to work someone on yeah yeah yeah that's why I'm concerned yes I'd be happy to guys over there if you want one of the guys can call me and just over the phone I can do that for me and then don't sit right here in the way to ask your name was Alex yes 47 400-3939 I will I'll forward the summer off or something ","Sales"
"1059485520","if your intention is Maria speaking how can I make a smile is Chris Lucy call you again as the system is not resetting or whatever I just went period I've been looking out there once laws and listening to see if it resided never had I just went out there though and all is going hotter it's on cold and it's just it's just blowing warm air okay alright see what I can I can do I've got a coupleof guys here is the sugar what the problem is give you a call at your home yeah I'll be here the rest of the day I asked you ","Service"
"701618974","it's not right to my house as I'm going here it's never had been able to get our I got no power at all yeah okay and then that so again for your attic right now is how long I have a company to take her you guys like a week and a half but exspecially and then hello hello hello I don't know if I lost you there's a lot of static or something like it I'm pretty like your regular with like work schedule maybe I'm just like trying invite question for our okay bye bye ","Service"
"701605286","hurry ","Sales"
"701599813","from your friend from your it goes to the side of the house okay thank you hi there we'll see what the problem go ahead and put it in for you at that school Barber Shop hours for 1 people and we'll go from here press what what is needed to go ahead and give you a price for both to the repair them properly the first two separate home or on the 2nd okay so they will process we will bring the ladder any equipment that they may need and then from then on it'll be $69 per minute Oakland Acura parts information address and so forth and then we can schedule occur I have the permit committee happen there before okay 477-0141 okay okay for a Friday I will schedule it is Friday the 29th or I can get them there first thing in the morning which would be which would be easy to get a hold no but other than that problem okay yeah I will have to go through this this Friday between 30 so when you get home okay okay just a 1/2 thank you ","Service"
"1059567845","hey Dennis Maria's coming to smile already did with your Greek questions just trying to decide whether to fix our gas water heater or get a new one are you we have a Whirlpool now do you are a world whirlpool we still we have our brand back sequel ER or higher right new Berner assembly I guess that expensive the best thing to do is have someone come out yeahyeah who you own or do you reckon you only have someone's modem and nice 1st of August and you know if anything else or to be repaired on the spot andthen so will they recommend going to be expensive they will give you a price price on of labor on whatever would needs to be repaired and then decision and then we can have someone else decided to have a new one and then go okay I will call him and see when he's around thank you ","Sales"
"1059706808","Chris this is are going to have to make you smile yes this is a space with you last week we were talking about cold air returns and before we can do hi Paul hi Oscar clear with the fly hot hey it's just it's just a cold air return that Idaho Versailles anyway and put them if they just reduce it down to the point of size of nice white Saul's our issue for the mediator period 30 Campbell use my am so crew has an AC tomorrow I can send them to you or I could have do you for Thursday morning sitter so tomorrow after that I have to put it in the morning usually takes about 324 hours and then you're welcome ","Service"
"1059707457","hey Curtis this is Diana Hawk we make you smile hi do you have a parts department we don't I hope you something yes I'm trying to find a pump for an air conditioner I swear Liberty Pump yeah you well the final Thompson Liberty and I have the model number so lip yeah love Marc By Marc spier up there a whole Miller in Liberty you so much you're welcome deskbye ","Sales"
"1059724725","the great they're fun and smile hi this is Austin Pain in San Jose I was like me to start Do you have a 1980 our flicker I at f i n n you home alright pops thank you very much ","Sales"
"701236613","to make yournails how are you Papa John with the PDF for 10 o'clock if I can send my for like a 15 to 2 for today sorry okay let me just see here what when I get in tomorrow I can do one poop to want to see if that paperwork is that our house let me know he's looked up until then that's okay or from 11 to 12 2 hours may not take I can do morning afternoon whatever I can get my daughter went off this Friday the 29th between my appointment okay thank you very much okay ","Service"
"1059917972","-10 looking to make mile yeah hi update my doorbell try this one that you guys like itand put a new modem was wrong with there but if this offer is really I'm not sure what you is do I have to leave my cousin how old are with the familyplace that's not set in stone we can come out and what's mariebelle he has like a small white ones if so he can change it on the spot or well how how they work is don't come on freight it going to price up alright then go ahead when bed al from the suppliers if needed and go from there that's the price so you're not on the clock there okay okay I should also off I don't have his question or not but should be changed before after school smaller and stare at the wall and he or she said how he's slow we can't yeah can you have one in mind that you want to get one but also know that you can go ahead with you I like I come right I can buy one and then just install it or not I guess you guys are and she helped me your small of his right hand right you want to set up a go buy one first and then I have it all caught me import Miss Paisley please ","Service"
"1059974471","it's great that one in home service this is Diana house to make you smile I don't know how are you how are you good it's Kyle calling I was just calling you I talked to John and I'm picking up after far as Plumbing goes okay so can I leave you a phone number to do customer are they transferred her alittle call text or you can call them and just move in for Thursday if possible that would that would be perfect okay what's the so it's Michael hold on to Second Story Sorry my phone's been going crazy hold on a sec here til Smith on the cell numbers to 6 9534 and from God would call them just got in or whatever when it was suitable for them as well yeah so you're awesome ","Service"
"700993185","okay tomorrow ","Service"
"1060025963","Miss Maria speaking how can I make a flyer morning I calling I need a box installed in my house I have one now or is it a brain you know I have one now and the motor I believe the motor has burned 10 years old and like to set up a call here sweet for you to miss you have Italy and know if 441 Randall drive or am DOL Cornelia forever phone number 758-5981 yeah my home number and can I get to my cell number 2 yeah 519 520 5086 there an email address there with her Sure it's c ohh ohh PE our w e r yahoo.ca so that was our ger are Scott so I will schedule one of our Premier Soccer know our number okay she'll come on site he will go over everything with you first give you an accurate price then go ahead with installation okay so happy and he's got he's a black Visa or more part okay any afternoon tomorrow also screen tomorrow so tomorrow afternoon after 12 anytime on Wednesday and he'll actually let me just see when hear you please say the first available I have them available for July 3rd which is next okay stay like 12 like not working and if we put us down for I'm going to be in so I need to get purse person that can put a new pump in for meso I can't really cuz I need to get it done this week okay what about Thursday afternoon Thursday afternoon would work would work I will have I will put it on the call your cell number just before he arrives okay she says didn't like it really has to get done this week can't do any laundry either my long he's in salt so they say it's an older home okay supposed to Randall our A & D ohh straight drive I will put in a note from them I will give you acall ring Dr be arriving 4/3 then 10 okay do your pen o'clock on Thursday okay darling God is great but we'll arrange for time great day bye ","Sales"
"1060069643","96731 ","Service"
"1060177627","I'm fine at home Travis this is Terry how can I make you smile this is Rosie I need I mean it's and get a window air conditioner installation so what you offer for us well today it's after hours and they charge $149 for Paulo fee so so you would also like to stare and weekdays 3 during the week but it will be significantly less so can I please I'm not able to book an appointment and leave a message give you a call Monday when they're not able to find don't he want to do that that what is your name laughing excuse what address phone number for you two note 97 new family call me after 5 traffic to work through it okay hey I need to hook up a window air cargo yep it's Windows window air conditioner okay and how did you hear about - you look in the phone book or on Google Google I will passalong the office and let them know to give you a call Monday after 5 ","Service"
"1060248864","state for calling Financial Services cetera have to make a smile alright well as your the refill legible for your furnace insulation there I'm actually after hours for them all fixed for the day ohh I think more money to Friday or early open over the follow give a call in a minute ","Sales"
"1060404219","okay I send this money has been looking to make a file full form a problem small water line is coming into the furnace to prepare for that and Canada fire fires it won't shut off in the mechanism within the furnace to shut it off isn't working either and I've been going on for a long time but it was kind of Delphin but decided the other day I got it off completely yeah the water line now it's a bigger problem water suck it is it's a Seadrift and then I got to the point this morning works really stop tripping out the waters out of the carpet stuff so in my late persons you I think I needa new cut off for that line and I'm assuming a call how many you made a fire to close for your humidifier I believe it was made back then I just goingto be your figure Smith a flyer with your furnace so that's the line going through it hi there sorry about that that was the most likely put it in foryou Dr cut off yeah this crazy good personally want to tell you I needed on my what's the verdict evening so I will have someone coming out how we don't work for you before your phone number if you want me Scott it is asking ASAP why it was a number years ago and Richmond Street alright can you ask for 8 Petro please don't make fellows Masseys yeah I know 5 x 4 L 6 and press 45630 689 emergency but it is annoying and I just wanted out assuming the shower the plumber can tell me yeah I will I see what the fuck okay I think I should say yeah that's what I was going to have later afternoon actually today I can do like maybe after like around 1 between Earth no I wouldn't probably have them available cuz I'm available 6 and I can't make them wait for by 4 257 509 54257 no I will give you a call and let him 6 minutes before and then we will allow myself to let you know there will be a $4 dispatch or comma maybe we'll go over everything if that is a good fit for your firm will be $99 back now and then from then on he'll let you know what so yes Ican I can do they situation is a little bit press softly anything I just anyways I don't really cared tomorrow ","Service"
"1060418753","things are going fine Lawn Service this is Tara how to make this miles you guys we're going to travel how are you I left the office that's not a problem is Kyle calling I'm actually starting as a draft for you guys in the on the Tuesday after the long weekend okay but I already have two plumbing jobs that need done right away so you have a way to you if you can't join right now anyway or no is the dogs that need to be after hours no no no hurry but I just want to make sure that he's okay with doing so I can leave a message for tomorrow muta for you what's the phone number to reach tomorrow to 6504 222-8228 you're awesome thank you dear bye now ","Service"
"1060533673","smile I'm looking to get a quote for still looking to get groceries party boat but it does the garage I don't know if you can get me a price on what you think a nice New Year I have to have someone come out and crafts a bath and so you wanted is it 40 welder we've been look pretty for metaphor white white yes your sleep Boston Jody it is 3850 you heard about that I was just online is there an email address you'd like to fill it was cut off why 12 at gmail so I would have some one of our electric emotive banquet recorded hey II was 501 b o c k i n hello I'm able to come by and I want to say don't know her like a weekend thingTuesdays 12 and Fridays all day our guys look like a from 73034 was p.com I'm off Mike out there on Friday that would be late morning early afternoon would work out what her update my life ","Sales"
"700211189","Tuesday next week ","Service"
"1060593705","because Maria speaking how can I make you smile how are you doing today my name is Mr would I live here in town at 457 Charlotte Street and I'm looking to get a new furnace an air conditioning system in my house I don't think so set up an appointment Manti getting like she would 7th Heaven and your address 457 Charlotte Street c h a r l o t t e Nancy v w 485 and your phone number 519-453-2683 or 5/7 our let can I ask how you heard but I just thought about you driving around for the years and I just seen your trucks out there and you know so I know you guys have been around I guessfor a while yeah yeah tonight is an email so let's okay I will schedule like to come out did you want me well next week anytime from 9 to 12 for me I work the night shift so like depressed I want to talk after 9 I have can do I think when he can do a 10:00 to 26 ","Sales"
"699911205","store number one happy 4 hours at $99 I can offset the process from here to get there find out with the 99 is to get them out the door to find out exactly what the problem is the problem is anything from either a part or or a female order no cost bye bye ","Service"
"1060892186","final service my hi Kayla I'm calling you want to come to a UV testing past for my air conditioning unit so it was freezing and I thought it was perfect air filter they said it's happening again to move possibly a Freon leak so freezing up and what I need to do next and they said I use magic I'm not sure if you would have any information on that or if it'll show there what's your up it's 10 minutes Crescent August last yearveteran so do you have power no we have yes spell I need something just it's not it's freezing up only seems to freeze up super hot but it's 25 degrees out or was really really work hard different starts to to freeze up so I'm going to yeah well it's like putting this better weeks now and I have school tomorrow what questions to be home tomorrow after 2:30 I don't know if not would have to be the same Jen for next Wednesday if that's okay I had a technician call in sick today so long my calls but okay yeah and clearly I'm not for sure I I was so have fishing so yeah I have no idea where I know I probably 7 times so after 2 yes after 2:30 no problem I will get someone okay thank you so much bye ","Service"
"1060999467","it's Greg I have a serious mission tile well you know I hope I'm going to buy the air conditioner running but it's not blowing cold yeah seems like it's blowing like whatever this repair Erin's house is like I feel it turn it off turn the furnace blower on it seems like it's the same but we we just bought this house I'm not exactly sure how well the air conditioner work before it's fairly old but okay I like to address there 27 Sumner Road s you mme our Brian no i l l yes Define zed freeze at 1 B6 977 0044 is there an email address you'd like to sell it are you heard about us every other trucks driving around usually is I looked into the and I don't come on site it will go over everything with you first good price is then go ahead with theTerrace with me Hey listen I do not know it and when they're done they're able to take cash check Visa or MasterCard for Wizard circular are you home available the one for us okay I'm available today by anybody available foot today but I will someone give you a call I do have availability for tomorrow after early tomorrow cuz it was me afternoon so I will have someone give you a call 1015 minutes before they arrive but yeah that works ","Service"
"699630620","home protection what is the app call of last year working last for a little bit but I can get you in at anytime from now if you'd like are your provider year open here press 7165 now that works better for you I can get you in tomorrow Thursday morning or afternoon hopefully I can be late morning early afternoon later Fishburne someone give you a calendar for that work like 15 minutes maybe forecast for tomorrow afternoon okay thank you Apple program ","Service"
"1061029904","I'm trying to make you smile it is yes I have a blocked kitchen sink but I need a plumber pretty fast do you have any idea I guess food in debris yeah afternoon do is see if I could stuff around with it and we done work for you before many times what's the address 1645 Estevan Road Ron okay Ron for what I'll do is all I'll talk to Ron and I'll talk to my coffee who I can get you this afternoon I'll give you a call okay I'll be waiting an hour and a half both 1 o'clock I will give you a figure out how much mail thank you you're welcome bye bye ","Service"
"699550985","make you smile 00203 I'm having a problem here before the underscore Tech is there I do have our first what I will do is I will have Diana call you tomorrow just to let you know are you home okay I will have at this number yes tomorrow thanks bye bye ","Service"
"1061054770","plant look like smile with morning how are you tell you I am not a bad feeling calling from 1065 Chippewa Drive I was just wondering I thought Mike was supposed to call me last week or the week before to set up an installation date for our HVAC and plumbing work and I just hadn't heard from and we're in the city at the house now so I figured Ihad a pending down and get something from now that was Mike Jarvis was okay so if you like for me pilot I will send a message you guys are doing a newPC in the basement plumbing and electrical for a downstairs apartment I'll ask him over by himself measured you guys have installers showed up as welland I'm wandering around the basement no problem alright know I will kind of 11:45 970-5441 X 393 I will have him give you a call I saw ","Service"
"699547972","Oracle here okay so you're back in town so we can ","Service"
"699379437","I can do it between 9 and 11 ","Service"
"699371454","how are you anything to I have the convenience store I have a problemwith the airport rooftop ","Service"
"699353198","it's Bridget my home furnace this is Diana I prefer thank you I have a okay you're welcome ","Service"
"1061173903","hey Jennifer this morning and how can I make you smile yes barely hear you there definite so it was so you know that's exactly what you need me have you had someone else that you have any cooler the whole 411 thank you hi story so I will have to go to my mom if it tonight or not but I'll let you know please what's a little cake and then go ahead and do it there or we can reschedule it ready to be penis not and then from that he'll let you know if you didn't act like crazy School summer bye no you know exactly when when he gets on site if this is very from different snow so he'll who was supposed to meet go from there hills has yet to advise when he's on site can I putsome information and schedule an appointment and have them come out and see what's up and go from there how much he will likely crossed has there and then he will go ahead with the work cited you set that is very nice if you want to ask you advice then letting you know that it's maybe something and then when you're you know when he gets there why they're more or less good know let you know when he's there will be the $59 face time off so he will goover and see exactly what it'll need and he'll let you know exactly what the cost will be a while before he knew work now he's different let us know we can go ahead with the video that he'll go ahead and do it feel like you know exactly before he does any work what the cost will be so it's almost noon there to assess and he'll give you a price I'm free okay no problem thank you thanks for bye ","Service"
"699293303","$60 pictures come here ","Service"
"699269182","settings everything to the furnished are just wanting pictures that are funny so 80 Richmond Road Mitchell Mi tche LOL 719 7/3 I might be gone but you King at 3:45 okay Pharmacy okay okay thanks a lot okay okay bye bye ","Service"
"699248739","how can I make you smile okay and the switch not work if it works for you if I go to work perfect get you going now whatever I can get some information from you we'll set up an appointment yes so that's why l b would your poster cook it it's your phone number please and can I ask how you heard about it so I will schedule one of our excess sense to come by that time that's better for you or I can get some of the give you a call a half hour before they can come with that be okay don't have regular service hours during the 5 early afternoon they will have to give you a call to to make sure that you are home myself are you are you far away from home tomorrow thought I'd just see it's already 3 calls why don't you go for Thursday I can do morning or afternoon times at yeah morning or afternoon or late morning 38832 second one would be like around 10 I will have someone give you a call right I forgot it for us we would be available okay thank you ","Service"
"699215555","Google Finance services call Erica reseller for invoices via when we have to have someone today okay yeah I like you so much for coming I hope it's a look at your furnace and your husband we are which track your prices you know an hourly rate okay and then upon completion I can take cash check Visa or Master hurt and so I have to schedule for tomorrow he does have a couple holes in the morning to wear day is going have a preference later tomorrow morning you're welcome ","Service"
"1061272766","yes agreed upon in service this is Diana hopefully make you smile all green so that Lee is it cooling her my are from 5:30 until 1:30 possible morning do late morning tomorrow hope perfect is a Purple Rain you are a half so I have to pick 635 yeah how's the house so what I'll do when you can my husband no I'm sorry with friends but I will call him when Girls is on his way you are yes like we have yours here than 6 5/8 or 8:20 and then there's a 6587 you're all so yeah I will get tomorrow morning I'll be late morning you're welcome ","Service"
"1061284526","how can I make a smile just find it and then left for fine in home service sleeve shirts I need to have a price or running a 30 service electrical inside scoop our motorhomes piranhas 30 amp service who is the garage for a motorhome the motor size that was I might as well put in underground cable and the power so that motor home I have the for the dress door of your car and get some agency or if you will be a great otherwise you are a n last name is your wife v a n d e our wa y SD Sydney address is 36 Greenfield Dr in London in 61 M sevens I'll give you my cellphone number 519-852-7842 John email address is going to kill us could I ask world correct world all one word ask.com was there a time you were looking this done or someone come out prices see if it's Google Now and I'm just here hey I will put it on the schedule you want the day or tomorrow or this week is fine cuz I'm still 4 weeks away from so and if they want to schedule it for the afternoon on you be home all afternoon if you just want to call and just make sure I just want to make sure that I've got in power on my all that can run one and what was suggested maybe how to get to where we want it to be but they look ugly so I will have someone give you a call before I'm just see here when I can have the matters us itself one of my White Oaks Mall do the scheduling reasons dead in the afternoon on Thursday with for sure I can thanks for your time ","Service"
"1061301325","style so I wonder if you could advise me here so I had some work done in my house and after this pathI want to put a dimmer in front of a switch that's a rate of 1 line it's not a critical three pole or anything like that so so I've kind of program ofwhich is in before the ones where you can turn the light off and on from you cellphone you could be anywhere in the world that kind of thing so this is a dimmer I put in and they change the way ring on the inside and the way they describe them so we talked about lying in and load I don't know if you are familiar with where I'm processing both have you looked up from that I'm the point is I always this one switch put in and how much it cost me cuz why right I will think bye thank you very much bye bye ","Service"
"1061307482","dial hi sorry I was just talked to you Iwas trying to turn y'all ohh okay no problem I thought that was going to be okay so it's Mark good work press the driveway cro F see Crescent how dareMark n 60 304 you to 6448 7337 I'm going to say probably from your truck okay do you like to tell me cuz you know that's fine baby better for you I hope they are able to come and you would date I'm sorry I was looking for I know you are like 3 I'm not sure if it's not it doesn't I have Tuesday late morning or early afternoon the company how long would it be to our 2 hour window to have to have it installed and some time to sign contract then we have to order it and you know it don't know it just depends when our technicians are available for the installation which looks like they're fairly open so it's just a matter of signing the contract and we can see is there a cost for them coming out to get the media no cost at all okay tomorrow Tuesday do you have something around 2 o'clock well I have to leave by a problem on the way to st. you bye bye ","Service"
"1061307813","service how can I make a file yes I was wondering if we could have somebody out to give us a quote on the air conditioner sorry I can't hear you very well yes thank you you have one more is it are you before my husband Louis L Easter yes Minecraft for a while back ","Sales"
"699134703","I'm not sure if I've got the right I'm already sent in I have a small problem and it's a later time press small you so I have a receptacle I tried shutting off the breaker downstairs and stuff like that I'm actually the thing seems to be starving so you know it's not an emergency burn down to be very much so even even if it's for now just to shop around her tomorrow thank you have a bowl tomorrow taking auditions okay okay how much however our price okay bye share anyway Morrow Mor our ohh V single Evan hi Barry Avenue 92786 Revenge a see that you call me tomorrow I'm going to be still okay perfect okay thank you alright bye bye ","Service"
"699110819","call today ","Service"
"698983885","or 789-1484 to you're welcome ","Sales"
"1061450334","for calling Financial Services has been hacking to make a smile hello this is Brunson in London over running electrical for a little plant okay are you looking for somebody to come out today or you like you have a $149 co-pay okay and what's the address 132 Somerset with an old Crescent your telephone I won 96577 6 present sick 7676 Service Plumbing and electrical done before before okay I will give you a call bye ","Service"
"698702985","service Maria speaking how can we get bye perfect Burger never mind here Coca-Cola oh okay I hope okay let me go set a reminder to like either morning or afternoon I can do like a 10 to 12 to in the morning between 10 and 12 okay ","Service"
"1061642395","and is it said that she makes her decision based off what we got now then I'll let you guys know awesome you very much ","Sales"
"1061693017","87826 Iwill get a hold of one of our technicians will have him give you a call okay ","Sales"
"1061700718","thank you for calling from Health Services to us not aligned with you thank you hello how are you cuz I sure would love my what I want to let broken Anita School West press template just one one person weather if you can fix it or Maggiano's Plus okay so what when we woke up ","Sales"
"698441860","okay okay so is it asking no problem alright tomorrow I have time for a looks like a fucking time for tomorrow Thursday the 14th so I can getsomeone there after reverse alright I know what you mean verify no problem Michael Michael we have axe.com Tony Hines I will give you a call on for tomorrow at 2 but I'm free tomorrow they'll be coming okay okay it's my thank you bye bye ","Service"
"1061839310","Maria how to make you smile yes I was wondering if you were with me and I have a meeting in the be okay how we're both is the hot water so he's in the furnace room and seems to have a hole in pipe we can pull this through a little bit of your screen and then he'll just be as well asking all loopy after hours call have a available during the day so I can for our we certainly send it out is that okay I'm going to be W me know no I don't have anybody available for today okay bye schedule it for like an after hours call hours are kin emergency calls like $149 comma he will go over everything purse like a problem is and then go ahead and repair it okay I will see if they have off yeah I forgot okay alright bye bye ","Service"
"698335836","we have an over so I'm like a little pool house do I don't know week Friday unless his appointments in the evenings after work on a timerokay ","Service"
"1061966067","it's a definite service Maria speaking how can I make you smile hi Judy I'm sorry but your windows no we don't repair window air conditioners we go bye ","Service"
"1061985816","great fun in service to hopefully make you smile I need to book one of your listings to put an alarm for will be arriving in a week or so damn I'm on your home for your home servicewell no not exactly what making modifications it's not going to trade for that so everybody's name on Saturday the 16th so hopefully that goes really quickly and then it's just a matter of us to deal with as well so this is Louis what's your address 230 Brunswick Avenue you said a couple weeks so whydon't we do you have anybody available on Thursday the 23rd the first one the one with so you're all booked and then yeah just give us a call okay bye","Service"
"1062013324","you don't guys don't quote over the phone ","Service"
"698171240","or where with or anything else you are phone number for 519-860-6073 hi this is better for you or alright I think is what he's got for the West dohave I'm available for fuckin or it would be Monday no no okay okay so I can get you Friday in the afternoon if I can if I can schedule him he does not have I will confirm Monday 4:18 o'clock I'll be there perfect ","Service"
"698161183","Hope to come over to give me a quote on a furnace air conditioning on a water heater possible like right there for anything else 215 6014 00 Masterworks is for Milana Ali Rogers buttthank you ","Sales"
"698145527","has the air condition is a portable party for fun like how's the neighborhood this is David with somebody like Dan Mike Eric Ramesh if that's not convenient to do much before I go to work ","Sales"
"697957857","Michael Pina if you can working after hours you know ","Service"
"1062356190","service this is Nana happy smile canI talked to someone from parts or Service Iowa for I can tell them what the gas Bering Sea Bird I'm looking for okay ","Sales"
"1062402572","You by Home Services regarding a service call hang up now 519-455-0453 our office hours are Monday through Friday 7:30 p.m. reminder Avenue South 1044 and is regarding furnace or air conditioner rebate Galaxy 2 for Tony regarding all other matters one moment please Mr Baker this Maria speaking how to make a smile hi my name is I'm looking for an electrician I thought I saw on your site you had electricians on site or no okay I'm having issues with my lights in my kitchen my dad's probably to do lights and and the processor fan a fan and put a spark know I have no electrical outlet outside so whatever he did I don't know if I just do it on Braker one but just realized that my outside Outlets are not working either so I'm assuming it's all on the same circuit okay now I hope you have power now to the upstairs kitchen kitchen life and then the outside GF eyes either how we know you have not and it for me and I will no problem I'm not far from you actually it's me Ellie igh single and jelly I live it 3505 Oak Village AvenuePark 35 as in Nancy 5 b as in Victor r as in Robert 9 phone number case it's 519-466-3097 yes I know it's long distance but I didn't want to change mynumber I've had it for years and I moved Bernie last year so okay yeah so I was just so you know at the office I do live here I'd like to share with you so my name's Lee angle at yahoo.ca throw my whole First in Math me that's the 8th and when I asked how you heard about us on the internet okay yeah sorry you know what I don't know anybody around here so I love loud over how we work we still are guys table tomorrow safe news go over everything withyou first give you a good price on bulldog and medical help us repair it there is a $59 to spend money doing Tech sector these are Chris okay that wasa time that's better for you or if we want this going to like a price as soon as possible it's getting really irritating not having kids yes two weeksI don't have to try really hard and I know I just haven't had my dad passed away we had to go to live in celebration of life Montreal you're busy so thank you alright no problem I will have Diana give you a call back with an exact time unless someone will come out okay I'll put on the work order my call as soon as possible now you want this number question yes I give you a call you bye ","Service"
"1062485037","service Maria speaking how can amazing smile where are you how are you well we're calling is I have used your service before 4 I'm wondering do you install toilet that's all set to go you have questions do you provide either one of those or our guy for you and and got a price on the holes her cuz Dad and toinstall it and we won't Carlos can it'll be spring bad he can't stop dragging it around face so you want our guys to bring my yes now what not to go Terrace unit 57 breast so I will have Ryan's mother give us the $9 back up come on site he will go over everything first being a good price then go ahead with me when he's done if we accept cash check Visa Mastercard or so when life calms we'll go over it and then like to see have a choice there choiceof like how you have that that's obviously if 152 doesn't goes wild with them in the higher end ones you have to order them in advance and Bill right right right really want to come back from our supplier and do it all in that one so when was our contact better for you or I'm pretty open right now actually Maria what what street Thursday morning I can squirt him for and someone give you a call when when they will be able to come sure so can I have someone who's you a call July 1st or you know get him there at 8:30 if that's Works class okay okay we will see you Thursday 2:48 that's Ryan a yes ","Sales"
"697506007","plan 4324 Mardi Gras Whataburger Bay new sort of and then we also found some water in my daughter trip aside which is directly 37769 eight five ","Service"
"1062653304","yes or now I honestly don't know call back later yeah Monday at 7 ","Sales"
"697314325","Pinky's thanks Parker ","Service"
"697230014","okay Style moment can I hope this works at all for Mikey LeClaire Mike Jarvis so I can see who was there LOL heard the wives Mike sake give you his phone number at all 808 7283 crock Crockett ","Service"
"697134528","Google 27/4 appointments with out of work ","Service"
"1062818093","smile nothing down punch this and everything is the business happy birthday to my house before her personal placed I don't know if this is the IV it's 9 before include sells need a Robert Q always felt ice Blue Cross Animal Hospital okay alright Animal Hospital it look at the names your trunk ohh n g e r that it is I loved one throat sucks and Oprah Cornelius Henderson and she's sick day too hey 228-934-4882then go ahead cash visa and there is also $59 alright let's just I will pants for you to get back to you I obviously someone right right like a doe soon as possible alright thanks hello diagnostic I guess this guy just two sections Amber before comma I'm see you to qualify late yes Felix and he is onhis way to a call right now they're perfect and I'll be there sometime between 1 and 3 you're welcome ","Service"
"1062966668","is Maria speaking how can I make a file ohh hi Maureen calling on we sold a problem at our house okay hey Paul yeah how to our pool area doesn't to be on it we don't know if it's a blown fuse because it and the lights down in the patio Network sure it's 166 weasel 316 smart phone number to 61104 alright there's another problem as well for some reason Ford heater has started to go on and off as of like yesterday and shut it off and there's no thermostat we never use that baseboard heat this nerves okay often is blowing him like yeah yeah that every believe so but these baseboard heaters are on piranha the breakers handled it it doesn't seem to of blow a fuse or anything down there so I don't know what's going on but they're on that the the pool and baseboard heaters are on super fuse boxes yes that okay so at your cool deal going cool cuz not going right now as of now dad nothing will turn on in that area playful turn on school won't turn on not slightly just opened our pool now press 2 I do have someone available me afternoon take them there later in the afternoon yeah I will be available yeah you know if you will get $59 so come on site he will cover everything for you give you an estimate on any repairs may go ahead just hair okay now I just don't have a protection plan okay so the really void that this pack and then he'll give you a 10% off of the work that's alright I just been right out there and he's going okay okay thank you ","Service"
"696910285","Google how service Maria speaking how can I make you smile so what type of service okay it's it is a medical exam skirt or 10:00 what was the what is it for you just put it for Oklahoma top I will have died and I give you a call to reschedule that would be that was on the Monday right so like out later that going to be available for us happy peaceful results second next week is also fully booked pretty much three quarters of the way there 26 would be the 1st 5 to send someone else that's the Coles 30 yes okay Herman's first thing in the morning like around excessive hair I was looking to spell night light on sleep infections okay okay career parasite I'll repeat okay okay Burke you are no fun I'm done Parker all clear okay love you bye okay alright ","Service"
"696833391","and your name Morrow morning at all I'm not coming over barbecue perfect thank you bye ","Sales"
"696520331","okay ","Service"
"1063262653","Danielle service Maria speaking how can I make a file service or is it okay okay tell me the score is it totally clogged yours is different or I don't know if I have my mama Rose to see what do this and then go from there my schedule allows all and then he can come out and see the rock $500 yeah that's it and then I'll let you know exactly what I need from him released okay let me know thank you bye bye ","Service"
"1063272917","acrylic Maria speaking how can I make you smile hi there I am I'm having an issue with my Plumbing I'm wondering if I can have someone come out I don't know I guess makes a problem we have a blockage on the main floor Ziploc from your screaming like so last my daughter had a shower up on the floor and then main floor toilet water started coming up out of the floor part as well as an available so and then in the recent like notice so we had to stop it was coming out of the ceiling so it's a now it's not leaking anymore right now he said we haven't had any water you last night alright no problem I'll make us both going here and I like to get someone there how long does it take it like a fault places just took me forever and ever sokind of need the toilet I will ask Brad priority have we been to your place before you know but yeah unless they might stay je & Ki Anna 531 Nelson Street Nelson Nelson yet Sunny IL V LS ohh n and 618 50951 2161 diaspora I just went online or an email address you'd like to share with us I know it's awe go over how we work so like my lover everything with your first visit price then we will go ahead with with a repairs there is a $59 dispatch there's cash check Visa or Mastercard so sorry can I ask you a question was it called around like your dispatching them so no matter what I still owe you $59 are not out when you come home will you know so when I see you and someone says they're worried that I know it's not how he feels like my moment thisthing but he's going to start tonight and see what's in they would call this morning and had to go out for that time only for entry slip that okay this is Daddy's cheers this sweater hi there are you available later this afternoon what time does like late afternoon it would be probably 15 after 2:00 or so comes before then yeah he's available boys so if you are Paul when when he's on his way we got a few minutes first come first serve so I guess what I need a bottle right now I understand you let us know then if we yeah they're to call now they've got a water heater and then after like maybe early or later afternoon there like I said to give you a call for heads up a 15 minute or 50/2 today yeah if you can I say no hurry home come out yet so ifI call you before he comes from but how do I know when he's coming as what I'm saying you don't and if you call and we do like a half hour heads up yeah but what I'm saying is music Pastor heads up right when you called and I see me with somebody else to call you as somebody's on yes yes to be charged $6 no no can you call me first well when we did your calling fish on his way obviously not there yet okay well if you give us a call before before wegive you a call I've already have someone here to send them elsewhere alright does have phone numbers alright see you bye ","Service"
"696289828","thank you ","Service"
"696275363","okay no I don't know 4 tomorrow afternoon if you'd like okay bye ","Service"
"1063449838","Maria speaking how to make a smile how I might see the plumber I've I'm a has been a customer of yours in the past I think I have a part of the bathroom sink that will not drain yes his total standstill Young no matching surgery 255 going porn press present in London Peter life yeah just like what phone number do you have for me +947-705-114-8188 Kelly and 2907 new home my daughter back comma local everything with you first give you a nice then go ahead with repairs he's done Seabrook Texas because it'll for a week so it's going to have to be you know after that or 30 past that last would be like a serious personal we can kind of like Island or what it first thing in the morning mean let's tie to we both work early so you guys don't need me to call after hours service you have 24 hours service with the back door of the office after hours 49 days that and if I'm not on the let you know what the cost is to get going the only have to check with my wife and see if she can be home early or leave later or something like that but ","Service"
"696258374","hey Greg Rose Marie I think I have to make a smile pick him up for me and I'll I'll see you you have a rental now from reliance okay alright don't tell them how you goodbye can I get someone over there tomorrow morning first thing I can get Mike out there between 9 and 4 ","Sales"
"696185062","super bye ","Service"
"1063563945","straight and fun in home service this is Diana Hawk you smile how much it is to have someone could maybe turn it in as soon as the furnace air conditioner those by you doing now the furnace down when I think it might be a banner I don't know something yeah yeah no problem so it was the 9th how much is it okay and that would you tell me what was wrong or whatever sacked Lee okay how I only called when I called one of the place with them like the end of the week or next week so I didn't know how far out we will have to get someone's downfall for you okay hey when you get there just finding out from my house you need to call him and figure out the $9 and you can come either tomorrow or Wednesday hospital if you come to a time to come over for lunch okay you're welcome ","Service"
"1063661479","I love my husband can't happento make a smile there's cuz this is limbs are Vickman calling so you guys been sprawled toilet for me last it was December really clogged and I've hadto hire a plumber to come in you know where it out and now it's being clogged and so I'm wondering what's wrong is it what it is well you probably have it all in my file 41 Palace Alice which is being delayed near or around December okay yeah Church working fine right now or no no it's Nicole from home overflow again I'm going to go home and transmission laugh Marie pad Ira emerged good to you know wire it out just make it out that wasn't too long ago and it's happening again happening and I I I don't know if it's a water pressure problem or I just don't know if it can be adjusted or if it has tobe replaced I can certainly send someone out there to see what the women girls compared now I mean it anymore traffic on hold for my mom yep in seconds hi there I'm sorry about that okay so what I'll do is have really for equality is no warranty cuz it just depends what what's going down no domain sobut I can certainly have our plumber come back and he can see what the problem is and then go from there hope everything else and like I said my God or anything like that water pressure as soon when you come for example so it's not something that can wait in a mile time this is for your home right now I miss my mother's bathroom and he's probably he's 92 and he can't use the bathroom in the house if she's highly pending on this bathroom I think that rings a bell he told me when he was selling it to me and told me it was like the one of the best friends around hey home and they are very good okay well I was at the Hope was that we were using any problems like this which I didn't have with my dual flush toilet calling you for tomorrow the 4th at 6 I have an opening for tomorrow so someone will be calling you your time better for you look you make me wait til tomorrow I'm going to have to call another problem like I said this is imminent and I have to go home right now I'm going to Prime plunge it may or may not work so if you're going to tomorrow you might will not come please hold and I will see someone else okay hi there one moment okay hello I saw you can kind of get her on the line herewith me and I will in fact I was thinking one more minute about all I have okay hi there I pray for side I do apologize I will send this out to my I promise and he'll be there as soon as possible okay so I'm home now yeah like I said he's trying to finish up for a little bit but he's right down but he'll head out with okay well I'm heading over there as well so hopefully will meet soon okay bye bye ","Service"
"695987436","of course it's Christopher wall hanging okay I know you're pregnant right okay going to the company it's not I worked I have cried right life insurance what time okay wonderful that's perfect okay thanks very much okay bye bye ","Service"
"695950490","I have a house and I need an air conditioner or old one broke down and kind of what you guys are available you have prices for me problems like sick right now so I'm taking care of this now but I know you guys aren't open on the weekends nobody's home here Monday to Friday that work over so try and find I was justcurious so it's a sun screen it downtown next to it I have to talk to her to see when she's actually home in the evening like usually if they're usingwhat is your classification as evening Andre for work at 5:30 in the morning sometimes a moment afternoon it's a coin to us a room that's the problem alrighty talk to her but I just wanted to kind of figure all this out so so earlier later in the week yeah we'll be in touch ","Service"
"1063694721","it's Maria speaking how can I make you smile so I have these for and I'll be asking about similar a similar problem or issue I thought I'd give you my mailing address okay Michael from a m a n a k 643 - 683 Windermere Road London Ontario right 3 - 683 Windermere 3 Windermere Unit 23 hi unit 43 yes so you see the big move past recent additional Outlets I am curious he left you a price for I press 1:10 I'm on 20 225 basis and 12:21 so I would have to have them come in right when the question how much and what is the devolved have if it's possible okay so he's not the case she mentioned that he knows yeah yeah yeah 64241 primitive taken off I didn't know I mean he's a home phone number so identify probably because youknow I don't know I would like okay okay I appreciate ","Service"
"695896723","bye ","Service"
"1063738904","it's a container service Maria speaking to me while I'm at work now I'm calling from 294 Field Street and the boys are are voice it's a gold silver in the process of thing just need a new one I am okay and so put next to come out and take a an option on the bye no problem the whole the one moment please hi there sorry about that are we done work for you before yes we're on Morning Star have real stuff so we had sign in your possession now we moved up westman's Northwest in a condo okay so if you have some here and I get all the journey Josephine Josephine yes Ray c o r u u o gl e the hair is 5 - 869 Westview Street th ER bye 39 5/4 the condo number 5 - 69 whether Field Street Wethersfield hher that's weather weather what the fuck postpone is Alice to get this in 6/8 082 please 19686 9 557 or old phone number so NFI Jenny like I saw you make Philadelphia this is our c c 9557 at rogers.com Savannah that I R BC 5570 c c o r our our MCC ohh our 9557 + rogers.com they're kinda set up for you no we're required so just give meand he's given me and I'll see if it's okay that should be okay pass so let me just see here I do have Thursday the 7 available for 2:00 it's nice thefirst PS great we'll see you thank you bye bye ","Sales"
"1063769247","34 pieces yeah this is your phone number ","Service"
"1063829018","thank you for calling Fred Home Services this one we have a lot of problems some of the lights in part of our house aren't working and I've tried place this thing is working so I'm going there like a short bit IMAX mini replaced I'm not they are you looking for an emergency caller really not an emergency okay did you want to leave a message or if you want you can call them back Monday when they're inat 7:30 and it was like you want one yes I just $149 well I guess you know what you may as well go ahead and call them will pay you want an after hours call yeah your name I'm on their dog a Al ohh n s Ki 394 Crawford Street 519 68634 3rd ","Sales"
"695481626","what time is give me a call back and make ","Service"
"1064041793","Phyllis Myers Clinic Mike Doug no I'm sorry he's not he's ona call can I help all all we would like is for water heater okay yeah he was in a note he hasn't been in the office Law Group you left a message yesterday leave another message and then he'll get back to you I don't think you'll be there are going he's going to do calls and you'll be you know for theday problem ","Service"
"695351381","haven't done work for you cool alright if I can take care of her if I can get you in Las Vegas your Coca-Cola an email I just like to share with us at all okay Donna you today okay perfect yes I would dial when would you like someoneto come over next week now we cannot that was fast yeah I think it's out there at what time okay so that is on before 11:00 alright her ","Sales"
"695344380","Christine calling I'm going to need to have somebody out to take a look my sister mine about a week thank you early and then alternate switches mode which is mode again I think which is 76 degrees and recycling 5 out of a 3 Doors yeah I could you can cry dependson what they are it is for now I'll just turn off the power I'll turn off the breaker play earlier possible your call ","Service"
"695332786","perfect 2440 the person okay okay I'm on off of my phone call okay yeah it's crazy Chris hey John it's Kim comma can't rememberI know that I've decided to go another way with Stuart my number which I'll be talking to you in the future have a great day ","Service"
"1064104846","there's no service Maria speaking how can I make it smile for a furnace an air conditioner how's it going pretty beforeNovember 3rd of Rock Mountain years ago as working for the rock round two but I just first name t name fewer f w e r are you on the road what up my brother you're on Green ER or a few f e wer Oh you mean the green into meal yeah Aaron telephone number please 519-476-7755 is there a time better for you I would not but we work night so early first thing in the morning or later in the afternoon how long how long of a wait for the information if we do want it done a pen you as soon as we can and then just tell Dad to come out of depends how busy we are sweet per month yeah he'll go over that you wentin there so I have I'm looking at the fifth year there wouldn't be safe are there early morning or later in the day hello on Tuesday 1 o'clock with Don alright thank you very much ","Sales"
"695288633","Jamaica okay if you want to hold for one moment I will put you on hold on the other line I'm the only one here right now as soon as possible thank you so I will like to come in for my finger it's so it's not coming on it's not cooling what is it so have you think you're taking for not at all so can I get some information and I will schedule it for next week now I don't have anybody available for today it is Tuesday of next week okay to quickly go over how we work we schedule our guys it'll go out on site physical over everything first with you give you an accurate price on repair then go ahead with the repair okay there is a $99 Diagnostic and Monday to take that's past back the car the first next available would be Tuesday May sex copay Tennessee purple house is the Jacqueline Bridal sink out ","Service"
"1064123679","I have a more instead of from on the sad news 2:00 yeah so you have any okay do The Good Wife for Tuesday thankyou okay bye ","Service"
"695274570","I'm not sure they're pretty I can keep you on cost $149 colored see that applies after hours College welcome ","Service"
"695270691","coming over ","Service"
"695202317","thank you for calling area what is the portable qualify so I don't know you're welcome ","Service"
"1064216146","just thinking how can hi I can barely hear you what you charge to do you install of like a line for a stove for a gas stove you guys do that or if they're okay hi there sorry about that yeah so bored gas line for a gas stove yes what's what would the cost be roughly so it depends where they're run the linesfrom so the best thing to do is have someone come out and give you an accurate price okay so what okay love it would be a new build the new bills homeso I'm having the video only hi I was just wondering if I could be less costly to have it done by someone else so yeah I missed it so is the house happily done now or is it even know no it won't because we're signing papers and I know what cost but I was just wondering roughly what it would cost to to install The White Winged where the gas line this from when the furnace downstairs so one floor home so how far is that away and so forth but can findout but it is like what what are the what are your prices like we started I do you know a moment sure hey one woman hi Tanner sorry about that it's just like I said if we come out and see if there's not a way of of giving you a price on something like that okay going to find out roughly what the distances from furnace to the stove and I have more of an accurate an accurate measurement for you can you just give me like a rough rough idea so highest price tell you like $2,000 so I don't know so that's why yep okay okay thank you okay that's fine thank you bye bye ","Service"
"695166610","okay bye bye ","Sales"
"695147253","Maria I can set up a time for a technician to come okay I can Iwill pick up problem the first available now taking this amazing 008 yeah I call you back okay ","Service"
"1064290606","make it happen to make it good morning it's Pam Ross calling from 61 mark like to schedule the yearly furnace an air conditioner hi there sorry aboutthat hello Clay Street so you are home prior you phone number still the same 3069 or yes so I love to let me just give you a time hi there sorry aboutthat on the 13th I've got first thing in the morning or at the I've got all day morning afternoon the day yes the 19 whatever in the morning or later in the afternoon or maybe as pretty much everything available in the morning dude I would Partners one partner office a 65 by 4 case of filter and those with me $150 little bit yeah I will see you on the 9th birthday cakes very much alright ","Service"
"695026139","I've got late ","Service"
"1064323069","right now I have to make a smile makes me smile if you could tell me that a technicians available today or tomorrow to Texas from Bel Air conditioning unit we have an appointment this negative Minecraft go 4 days ago it's nice craft 4 days ago like working it's not sending cold air it's just sending normal are putting a vehicle replacement or something yeah I took me the first available I have I have people on or my weights available I have would be Tuesday on your time I appreciate it no problem take care bye ","Service"
"695016250","clinical correct okay nobody for next week okay so you're good for Monday okay okay Thursday okay right now okay I'm available for Mondays yeah but I'm available for the 7th as well pretty good for me just 11 to 2 couple of hours or so Apple perfect okay perfect reminder perfect ","Service"
"694985450","gum ","Service"
"694985019","yeah ","Service"
"1064360826","hi this is Karen how can I make you smile hi Karen I know this is after hours line we have a young funny noise on our furnace for the last two days I like and I brought it to this message you for someone to call me tomorrow I have to call Jim I don't like the message thank you so much my name is Leslie right Ellie SLE why and then where you are I need your address there 642 Kildare Road kol b a r e in London inLondon 519 670-2232 we yeah we had it in so we had a new air conditioner installed them we had a furnace install on this funny noise coming from the furnace the last 2 days I know the air conditioners been running problems fulfill this is not why a couple of really described in the send a message to the office to have them give you a call and set up a service time went storbakken that's perfect okay thank you very much Karen ","Service"
"1064363543","really excited about only about it hey I'm just actually your call to us please stay on the line and will be with youwait please stand bye what's the latest please stay on the line I don't think so that's when they have a line from your card roll please stand by U-Haul hi there I need someone to look at my air condition sleeping water from the furnace I don't know Hannah ger and your address 100 Lobo Lane mocha Lobo lob oh Lane Lincoln Middle okay the telephone number for you good one 97771 898 service for tomorrow okay you tell me like a lot more stuff for them to come to $149 all out for you that's just for go out to him tomorrow okay yeah okay okay okay so what I'll do is I'll send a message to the office and I'll have them give you a call and let you know if they're available okay okay okay ","Service"
"1064398388","okay ","Service"
"694920283","okay ","Service"
"694735390","thank you okay bye bye ","Service"
"694612650","hi Curtis this is Diana hopefully make you smile Marine listen for your name was okay hold on how would we dothat with the service call for us to come out we can work 41 second ring thanks do you want to go ahead and address someone right now would you prefermorning or afternoon afternoon higher that I don't need a lot electrical come out there will be between not a problem ","Service"
"694611276","or Thursday the 7th ","Sales"
"694576419","I have before work ","Service"
"694560822","party ","Sales"
"694559983","go go over that with you when he's there condor how come so I can getgoing out there call me earliest I can get alright bye bye ","Sales"
"1064688971","acquaintance of service Maria speaking to like miles Lincoln this thing is that I spoke with Mike earlier last search hello ohh yes Dr covers more things that if you had in the truck so he ordered some reason we actually nurse for install now so I was wondering if you could come in maybe on Thursday but I will be home all day today okaybility for him for Thursday 3rd Packers you said you already have it here let me make this door picked up in Chinese Foxridge presence you said Thursday right yeah hey Bob can I just put you on hold for one moment just give me like a few options as well I mean why is like a curse he's like a pilot I know what would work okay for herself now for her for a few what a strong for a few weeks I will pass for you so that this is really really want to do it like you've been here with me but everything else yeah sure my name is the transferred to dispatch for first okay first one sec me know at 8 this month this month I mean yeah League I was cuz I really feel like we can sell the surge protector I'm there on oven boobs okay I'm doing hey first dearly okay I guess you can look him in the cancellation could you let me know when are you alright the half an hour check because then I feel like at all youknow like later in the day or close to it he's in Saint Louis yeah I mean feels like it's just not like your birthday dinner here for the wreck rate they have for him alright give me just now coming to Italy next available okay okay bye bye ","Service"
"694501890","alright I don't know if I could book me and I'll schedule an appoint one of us techno song okay okay so I'm someone for to come out and go looking for it but you know I don't have any email to her today Wednesday or Thursday he said I can do accidental Arkansas Wednesday later in the afternoon like around1 okay they can go there and then go from there okay no problem we'll go ahead and repair when they're done they're able to come out check it out or Mastercard alright okay bye your appointment we don't have perfect ","Service"
"1064711863","my house is being cleaned until about 30 on that day while just after 1 o'clock okay after 1 p.m. Mr Kevin all year old you're welcome ","Service"
"1064720493","if it running home services with a know how to make you smile ohh hi yes said this is heater we we've we've both of water heaters who walkhome last month you are the one to install it for us right a home phone right so other gentleman's name who actually came to look this is a new home and that came over looked this was several months ago does the footings the HTC One Paso he'll close we sent in the mail you have both work ordered for municipal work on how to Home Depot okay so yeah it was it was what does it say yeah I'm sorry that's okay for them to work on my guys out Goodfellas okay love to come and told me they just keep you a call on the VA okay so I don't know I need to call you he's at Mike from Home Depot and it was my girl who was out there for you know oh okay I'll not I'll I'll catch you ","Service"
"1064770411","smile hello hey there I'm looking to buy a furnace an air conditioner bye so are you units working okay right now it's an older system that I'm looking and it doesn't have aircondition so I'm just going to bed but something new and they're fishing 10 and we connect Jon joh in St ohh n and Robinson is 976 Warren Ave I don't know if the rental so I don't know if she knows Jennifer well I shake it is Google it to me because we or 9 let me see it is on and as in Nancy v w 3 l3 569 seven two 220 how you heard about Ashley just I have just getting quotes and I finally kind of arrived on the fact that I think I want to Lenox so I can put the Linux website and it pulled all the dealers in Monday the mount Ashley calling all of them just for yeah they will give you send emaillike if there's any until 4 if you wanted to you know have it sent out to you we don't fit for our always here in the office okay it is just a snooze dot Johnston dot music Gmail long line I gmail.com yes which I hope the one moment hair sorry about that so I do a time that's better for you are you how how far away are we looking more but it doesn't stop probably nothing today right Thursday Thursday probably mid morning I'm pretty good you had a baby in July thank you site at least get a little bit crazy house so I'll just make sure this is new 11:00 or Thursday Dr anything going on today no that's not going yeah no but I don't yeah thing so we have it one of our guys has a business appointment at 11:20 we would either call me before that datebefore 11 ish or something maybe after 1 or maybe I just wanted to be safe beautiful appointment to take 2 hour may not take to the full 2 hours but just like them to do 2 full hours a what do they do for two hours everything else so it's 3 o'clock but it's Liesl Hyland Gollum you know that's okay wewill see you in a few Days Inn ","Service"
"1064780786","hi Marie is unavailable Vicente I sent the repair spoke to a client of mine yesterday he needed something and there was a $99 service charge to go out $350 worth of work done show to $9 for it cuz they got the service done or does it still would it is added on waves did you a quote on that rice okay cuz I didn't ask I'm not getting or anything I've had an interview with John but I'm an independent sales and I see you guys and I wasn't connecting or anything care of so got 7 so I want to kind of get his business full-time performing in services so if you are is it okay to waive that $19 cuz paying that repair Bill okay beautiful thank you seven three ","Service"
"1064782414","I will have died and I give you a call with Brenda we can get someone out there and schedule an appointment then okay thank you bye bye ","Service"
"694362821","sounds like a furnace that's are that's not working are you Jeff yeah it's 4:50 to bring that shoulder 93 Mill Road 93 they're going I don't know what's going on with it to you as is 185 last night it ran for 5 o'clock and it never pick up there another side maybe you're on the freon or something what's up Matt Forte when you guys want for City and I think you guys took over the warranties and everything are we haven't really last before that okay man for the city before you can get to me everything apart andeverything and give me a report on 100 I have a sec hope you have a poor cording to whatever the company is I think whoever the brand it but I got they have to do a 1 during the course sooner I get that I can take a minute or leave apart clean everything up and then and I can my number is 86 number this my work 242 305 that's my work number ","Service"
"694296279","a week ","Service"