"Unique Id","Call Id","Words"
300,"691154562.0","hi I had to have someone come out and look at the furnace out of juice Lexus week or two I don't even know who actually came to the house to meet him that I'm trying to find a problem I think it was a furnace issue but I need her 448 High Street Annette to try to keep from being purpose has the are set to be you know hi period that the gentleman that it doesn't freeze I can't believe that they haven't closed all of the events already Charles's in this down there and that's it that's in the basement we will great thank you "
301,"691154562.0","hi I had to have someone come out and look at the furnace out of juice Lexus week or two I don't even know who actually came to the house to meet him that I'm trying to fix this problem I didn't think it was a furnace issue but I need her 4248 High Street Annette to try to keep it from being purpose has the air see you know hi period that the gentleman the basement doesn't freeze I can't believe that they haven't closed all of the fence alright Charles's in this down there and that's it well that's in the basement we will wait thank you okay "
302,"691154562.0","the child for their arm and 9 his work so he said it was a perfect exclamation point how that works normally that's what for your area her professor at the desk to Fresno so it's a totally cold it out there's just kind of Ghost Rider and see how that works okay bye bye "
303,"691154562.0","hi sorry I had to have someone come out and look at the furnace out a duplex at 48707 fair to I don't even know who actually came to the house to meet him but I think it was a furnace issue but 4248 High Street Annette to try to keep it from tell me has the air see you know hi period that the gentleman that doesn't freeze I can't believe that they haven't closed all of the events alright Charles's in this down there and that's it Ralph that's in the basement we will start great thank you "
304,"691154562.0","we will "
305,"691154562.0","hi Curran I had someone come out and look at the furnace out of juice Lexus week or two I don't even know who actually came to the house to meet him I'm trying to find a problem I think it was a furnace issue but I need her 448 High Street Annette to try to keep from there has the air see you know hi period that the gentleman that basement doesn't freeze I can't believe that they haven't closed all of the events already Charles's in this down there in it and that's it well that's in the basement we will okay "
306,"691162775.0","early "
307,"691162775.0","thank you so much "
308,"691162775.0","thank you so much "
309,"691162775.0","thank you so much "
310,"691162775.0","okay "
311,"691162775.0","thank you so much "
312,"691857482.0","alright "
313,"691857482.0","alright "
314,"691857482.0","everything's okay "
315,"691857482.0","Harden "
316,"691857482.0","alright "
317,"691857482.0","alright "
318,"691974283.0","I think Darren were thinking of course that was okay "
319,"691974283.0","I know my supervisor I'm here I'm reacting to put them in for you 13 of 2010 that's alright no that was yeah okay I don't have the exact in your asshole okay okay I don't know why it's not an officer here first I can get the girls out there this morning if you have them there 8:30 I'm open he's available pretty much like the whole day so I can get him out there and nice okay the 22nd like I said I will get back to you with an exact price on on the maintenance on those okay so I will I will get back to you O'Reilly Sacramento if you got a second okay "
320,"691974283.0","okay oh my okay alright I'm here I'm reacting to put them in for you 13 of 2010 does that sound that was so yeah okay I don't have the exact to the Sun okay okay alright problem I don't know why it's not a hold it's not in our system here but alright that's better for you like you wanted her to speak now Charles out there Tuesday morning if you have them there 8:30 he's available pretty much the whole day so I can get him out there and nice and firm the 22nd I said I will get back to you with an exact price on the on the maintenance on those okay so I will I will get back to me O'Reilly right after I prefer and then I was just if you had a second okay I think you're okay but I have a back order something else okay "
321,"691974283.0","exactly and then I was just got out of work "
322,"691974283.0","I know my supervisor all right now I'm here I'm reacting to put them in cream 24 girls who knows 2010 that's all no that was there yeah okay I don't have the exact same code okay okay alright I don't know why it's not in our system here but alright she wanted her to snow I can get I can get Todd Charles out there Tuesday morning I can have him there at 8:30 if he's available pretty much forgot the whole game so I can get him out there and nice okay the 22nd but I will get back to you with an exact price on on the maintenance on those okay so I will I will give you see you O'Reilly right it's not fair Peter and then I was just if you're not available leave me a message I will see you on Tuesday for a second okay Dr okay I'll put that in the house yeah we'll catch up but I have a girl "
323,"691974283.0","oh my okay all right now trying to see when we actually put them in for you skeleton of 2010 that's all yeah that was there yeah okay I don't have the exact pricing okay okay bye it's not an officer here but Carl's out there this morning I can have him there at 8:30 he's available pretty much for like the whole day so I can get him out there and nice firm okay the 22nd like I said I will get back to you with an exact price on on the maintenance on those okay so I will I will get back to you alright it's not nice for Sarah and then I was just if you're not available one second okay Dr okay bye I think you're thinking okay whatever "
324,"692278098.0","YouTube bye bye "
325,"692278098.0","Maya Midol simple coming from Easton from you can set up an appointment to have someone come out furnace this is to confirm your part family school now I guess my calendar and I have tomorrow Taco Bell there are per hour if that long Pensacola oh no idea after that is needed you're welcome have a good day you soon bye bye "
326,"692278098.0","bye bye "
327,"692278098.0","YouTube bye bye "
328,"692278098.0","bye bye "
329,"692278098.0","you're welcome have a good day bye bye "
330,"693223565.0","purple purple "
331,"693223565.0","perfect "
332,"693223565.0","Jennifer can I get her to call you back within a meeting like a moment "
333,"693223565.0","okay I forgot to call you back within a meeting at the moment "
334,"693223565.0","perfect thank you "
335,"693223565.0","perfect "
336,"693294291.0","not working "
337,"693294291.0","this is an igloo make you smile our Pharmacy before okay how are you or a little bit hectic I think you're 4 hours in the morning "
338,"693294291.0","this is an igloo make you smile Arthur I had before okay how are you a little bit are you okay thank you bye "
339,"693294291.0","cancel "
340,"693294291.0","this is an igloo make you smile I helped you before I can wrap how are you or a little bit careful thank you bye "
341,"693294291.0","that work "
342,"693335317.0","Jeff good morning I got a problem "
343,"693335317.0","Jeff good morning about a problem "
344,"693335317.0","okay "
345,"693335317.0","good morning about a problem "
346,"693335317.0","alright "
347,"693335317.0","again to find out more like 3 okay I will put it on my way Jeff good morning about a problem "
348,"693516515.0","okay thanks "
349,"693516515.0","okay sounds good "
350,"693516515.0","okay sounds good "
351,"693516515.0","okay sounds good "
352,"693516515.0","okay sounds good "
353,"693516515.0","okay sounds good "
354,"693809167.0","okay "
355,"693809167.0","okay "
356,"693809167.0","okay "
357,"693809167.0","okay "
358,"693809167.0","okay "
359,"693809167.0","okay "
360,"694220543.0","Mariah not at all that's why I have two things I have the same is on the weekend back please still have no insignificant or we can send for them because she can get you scheduled in okay thank you just rearranging the schedule will give you a call back okay no problem bye bye "
361,"694220543.0","not at all that's a good thing I have the same is going to leave contact police still have no what the current work Diesel Parts a speaker phone and she can get you scheduled just rearranging the schedule will give you a call back okay you're probably guys "
362,"694220543.0","hi there I guess I'll be arranging the schedule we will give you a call back okay no problem bye bye "
363,"694220543.0","turning on at all that's what I have to say I have the same weekend absolutely still have no and 2 sense for them Ryan call with the current work the cookies just I'll be arranging the schedule will give you a call back okay you're probably guys "
364,"694220543.0","prior okay honey coming on at all that's a happy thing I have the same agenda we contact police still have no air because she can get you scheduled thank you hi there just rearranging the schedule will give you a call back okay no problem bye bye "
365,"694220543.0","Mariah I mean oh my God that's why I have to have a family contact police still have no Ryan call with the Curve because she can get you scheduled hi there I guess I'll be arranging the schedule will give you a call back okay you're probably guys "
366,"694378707.0","for the home acidity number 5534 that was it's 557 +91-401-178-6619 perfect picture of her classes are "
367,"694378707.0","for the home protected acidity number 5534 that was 557-914-0117 866-198-0219 Jennifer calling with us "
368,"694378707.0","for the Kentucky acidity number 5534 that was it's +579-401-178-6619 perfect Jennifer calling with us "
369,"694378707.0","for the home protected okay story acidity number 553 so that was at 5 +791-401-178-6619 Jennifer calling with us "
370,"694378707.0","for the home protected the city's number 553 so that was a 5791 401-178-6619 perfect for my for calling with us "
371,"694378707.0","for the home protected okay acidity number 5534 that was +557-914-011-7866 one 98029 Jennifer calling with us "
372,"694379729.0","this is Maria speaking how can I make it another Moment Like is voicemail okay thank you all right now please call you when you return alternatively you can try my cellphone this number 513-808-7340 thank you have a great day "
373,"694379729.0","thank you "
374,"694379729.0","this is Maria speaking how can I make it another Moment Like is voicemail so okay thank you it's Paul right now please do return alternate number 513-808-7340 thank you have a great day "
375,"694379729.0","what is it is Maria speaking how can I make it another moment like his voicemail I don't know okay thank you all right now please call you when you return alternatively you can try my cellphone this number 513-808-7347 thank you have a great day "
376,"694379729.0","thank you "
377,"694379729.0","thank you "
378,"694559983.0","go go over that with you when he's there Apple Numbers are you home or okay no problem so are you almost there criteria seconds courtesy call from House bye bye "
379,"694559983.0","how can I make it go go over that with you when he's there hardcore okay it's going to be like how come so I can get going out there probably the earliest I can get hello goodbye "
380,"694559983.0","call me earliest seconds "
381,"694559983.0","call me earliest I can get "
382,"694559983.0","mile love you you'll go over that with you when he's there so I'm from or no problem so I can get going out there earliest I can get parade "
383,"694559983.0","how can I make you smile we'll go over that with you when he's there so are you home or no problem so I can get going out there Bernies II hello bye bye "
384,"694735390.0","thank you okay bye bye "
385,"694735390.0","what kind of work alright what time you can come here and bring one of the price at this point 1st correct for the crapper I am accepting new website let's get some information from you and then we can go from there home home there I will go with Mana time so I'm hoping to get right now or do you have movement also okay okay so I can tomorrow I can call her then okay thank you okay bye bye "
386,"694735390.0","what kind of work you can come here and put you on the price at this point for us okay for the crossover sexiness fine exclamation for you and then we can go from there there I will go with mon a Time Warner Cable so I can get right now or do you have movement Alpha okay tomorrow I can call okay thank you okay bye bye "
387,"694735390.0","Kris Kringle what kind of work alright coming from you can come here and bring one of the price at this point 1st correct okay Texas fine exclamation class then we can go from there there okay it's not a time when we can movement also okay okay okay so I can get out there tomorrow second pause a great okay okay bye bye "
388,"694735390.0","okay bye bye "
389,"694735390.0","alright thank you okay bye bye "
390,"694920283.0","okay "
391,"694920283.0","okay "
392,"694920283.0","Fred Sherman calling from Summit I need to square up I look "
393,"694920283.0","okay "
394,"694920283.0","Fred Sherman calling from a Chinese fixes for you I look at me "
395,"694920283.0","okay "
396,"695147253.0","I can still get your name out set up a time for a technician to come up with your birthday Rebecca Nye wake me up pick up problem so it looks like the first available now Griffin 08 collector yeah I call you back okay "
397,"695147253.0","I can still get your name and set up a time for a technician to come out recognize Maria so the first available now a nice Christmas cricket go 7008 yeah I call you back okay "
398,"695147253.0","I can set up a time for a technician to come every second I wake me up problem so it looks like the first available now Christmas 7008 well I hope you did okay after her yeah I call you back okay "
399,"695147253.0","recognizes back to get your name and I will get her to pick up and she can set up a time for a technician to come up with your birthday everything work for you before II II I wake me up thanks so it looks like the first available now with me 08 yeah Craig okay "
400,"695147253.0","I can still get your name set up a time for a technician to come up with your birthday every second I wake me up the first available now 08 yeah Craig okay "
401,"695147253.0","I can get back so when you get your name and I will get her to pick up a set up a time for a technician to come up with your birthday Professor I'm hoping I can I will pick up problem so it looks like the first available now 00 Aspergers yeah I call you back okay bye "
402,"695288633.0","I just have to make a fire okay if you want to hold for one moment I will put you on hold the line I'm the only one here right now as soon as possible thank you so I will like to come in for a Sundar it's so coming on it's not cooling what what exactly is happening so have we've been to your place before not at all so can I get some information I will schedule it for next week now I don't have anybody available 40 days early Thursday of next week okay the cookies over how we work we schedule our guys I can go out on site physical over everything with you give you an accurate price on repair then go ahead with the repair okay there is a $99 diagnostic test past back in the car and the first next available purple house is the Jacqueline Bridal sent out "
403,"695288633.0","I just have to wait to file okay if you want to hold for one moment I will put you on hold just fine I'm the only one here right now just as possible so I will like it some information here it's so it's not coming on it's not cooling what exactly we have we've been to your place before not at all so can I get some information and I will schedule it for next week now I don't have anybody available for today it'll be first thing next week okay the cookies over how we work we schedule our guys it'll go out on site physical over everything with you give you an accurate price on repair then go ahead with the repair okay there is a $9 diagnostic pass that the car the first next available would be Tuesday maybe next time so so cute anything with that works with you Charles is the gentleman that I will send out alright bye "
404,"695288633.0","I just have to make it bye okay if you want to hold for one moment I will put you on hold just on the other line I'm the only one here right now as soon as possible so I will like to come in for May Sundar it's so it's not coming on it's not cooling what what exactly so have we thank you take me for not at all so can I get some information and I will schedule is for next week now I don't have anybody available for today it'll be first thing next week okay to quickly go over how we work we schedule our guys they will go out on site physically over everything give you an accurate price on repair repair okay that's the first next available recruiting purple house is the definitely Bridal sent out okay "
405,"695288633.0","Josiah okay if you want for one moment I will put you on hold and kiss Klein I'm the only one here right now just as possible thank you so I will like to come in for May Sundar it's so it's not coming on it's not cooling what what exactly still have we've been to your place before not at all okay so can I get some information I will schedule is for next week now I don't have anybody available 40 days early Thursday of next week okay to quickly go over how we work we schedule our guys it'll go out on site physical over everything first with you give you an accurate price on repair then go ahead with the repair okay there is a $99 diagnostic take that's past that the car the first next available would be Tuesday May sex cam prostitute anything with that works perfect girls is the gentleman that I will send out "
406,"695288633.0","pictures of having to file okay if you want for one moment I will put on hold the line I'm the only one here right now as possible thank you so I will like to come in for a Denver it's so it's not coming on it's not cooling work with so have we thank you take me for not at all so can I get some information I will schedule it for next week now I don't have anybody available for today at least the next week okay to quickly go over how we work we schedule our guys it'll go out on site physically where everything starts with you give you an accurate price on repair then go ahead with the repair okay there is a $99 Diagnostic and Monday to take that's past that he's out of the car the first next available would be Tuesday May sex closest to Tennessee but I'd work with you Charles is the gentleman that I will send out "
407,"695288633.0","I just have some a file okay if you want to hold for one moment I will put you on hold the other line I'm the only one here right now as soon as possible thank you so I will I take some information here it's so it's not coming on it's not cooling what what exactly so have we've been to your place before not at all so can I get some information I will schedule it for next week now I don't have anybody available 40 days early Thursday of next week okay the cookies over how we work we schedule our guys I can go out on Civic over everything with you give you an accurate price on repair then go ahead with the repair okay there is a $99 diagnostic that's past back the car and the first next available expert anything with her purple house is the devil enjoyable sent out "
408,"695344380.0","Christine calling I'm going to need to have somebody out to take a look at my system I'm not gone about a week so restart early and then alternate switches mode which is mode again I think which is 76 degrees and neck recycling I'm on 8th Street doors yeah I could you can cry depends on what they are it is turn off the power breaker Sage 4 likely Amarillo earlier possibly of colon cancer I'm available hey "
409,"695344380.0","Christine calling I'm going to need to have somebody out to take a look at my system I'm kind of at a week restart early and then alternate switches mode which is mode again I think which is 76 degrees and recycling 5 out of a 3 Doors yeah I could you can cry depends on what they are it is turn off the power I'll turn off the breaker like we ever ever be possible cos I'm available hey "
410,"695344380.0","this is Chris Hanson calling I'm going to need to have somebody out to take a look at my house 211 about a week ago restarting self Lee an artist which is mode which is mode again I think which is 76 degrees and neck recycling Valley Street North yeah I could do that you can cry depends on what they are it is yeah for now I'll just turn off the power to all traffic likely ever Everly possible calendar I'm available "
411,"695344380.0","I'm calling I'm going to need to have somebody out to take a look at my system I'm not the one time about a week thank you restart then all the sudden switches modem which is mode again I think it was 76 degrees recycling I'm on 8th Street North yeah I could you can cry depends on what they are it is for now I'll just cross the power I'll turn off the breaker think we ever Everly possible your calendar I'm available hey "
412,"695344380.0","I'm calling I'm going to need to have somebody out to take a look at my system I'm not the one time a week thank you sorry starting self early and then alternate switches mode which is mode again I think which is 76 degrees and neck recycling yeah I could you can try it depends on what they are if it is turn off the power I'll turn off the breaker play earlier possible your phone "
413,"695344380.0","Christine calling I'm going to need to have somebody out to take a look at my system I'm not the one time about a week thank you sorry starting early and then all the sun is switches mode which is mode again. What's 76 degrees in Auto Tech Recycling Valley Street yeah I could you can cry depends on what they are it is turn off the power I'll turn off the breaker Oakley earlier possible your phone "
414,"696520331.0","Society "
415,"696520331.0","okay "
416,"696520331.0","bummer Urban picket line flow meter line fine 89 John Drive why is because we were we are selling your house last night 03 horses we're sorry for everything Grainger camera okay bye "
417,"696520331.0","wired yes "
418,"696520331.0","priority "
419,"696520331.0","priorities "
420,"696833391.0","Morrow morning at all I cannot coming back hurts barbecue perfect thank you bye "
421,"696833391.0","Curtis this is Amy and your name Morrow morning at all I'm not coming over sometime tonight perfect girls perfect thank you bye "
422,"696833391.0","Morrow morning at all I'm not coming back hurt sometime tonight perfect girls perfect thank you bye "
423,"696833391.0","Morrow morning at all this paperwork over again I cannot cover neck hurts barbecue sauce perfect thank you bye "
424,"696833391.0","Morrow morning at all this paperwork over I cannot coming back hurts I have some time tonight barbecue sauce perfect thank you bye "
425,"696833391.0","Morrow morning at all this paperwork over I'm not coming over barbecue perfect thank you bye "
426,"696910285.0","Google service Maria speaking how can I make whatever okay it's after 10:00 what was the what is it for you what up for a cop I will have that I give you a call to reschedule that would be that was on the way back early so I will have to give you a call I like that later that purpose also so thoughtful I can next week he's also fully booked pretty much three quarters of the way there the 26th would be the first $0.05 of someone else that's the Coles okay or come in first thing in the morning like around excessive care I was letting kitchen and install my clients Rick infections okay and then okay Korea Apple verified I'll repeat okay okay fuck you are so come on by whenever Parker all clear okay let me just put dialing okay okay alright "
427,"696910285.0","Google how service Maria speaking how can I make you smile so whatever purpose okay Corey faster if you after 4:10 around 10:00 what what is a convenient for you what up for Oklahoma top I will have died and I give you a call to reschedule then that would be that was on the Monday right I like that later that also second next week is also fully booked pretty much three quarters of the day there the 26th would be the first $0.05 group someone else that's the Coles 30 okay or come in first thing in the morning like around it says it's hair I was reading tips instructions okay and okay purple okay career three pair outside I'll repeat okay fuck you are Nicole come I'm done Parker okay love you okay alright "
428,"696910285.0","I like that it's Trevor calling someone is coming to my house on Monday list keep that appointment my parking pass so just tell her to also come down but access my life yeah detector carbon monoxide like that in the hallway upstairs the only in the wall the electric I forgot where I was Amanda that'll make you Universal if it's going to get an offer on 2007 but I'm smart lighting looking at zero clearance Tuesday "
429,"696910285.0","Google Classroom is Maria thank you whatever okay this is it is an extra chorus ask her to be after 10 or 10 around 10:00 what day was best for you what up for a cop I will have to give you a call to reschedule that was on TV so I will have to give you a call later also because next week is also fully booked we need pretty much three quarters of the way there the 26th would be the first 5 to send someone else that's the Coles 30 or come in first thing in the morning like around now okay okay okay alcohol parasite I'll repeat okay okay you are so come on by and whatever Parker all clear okay love you bye okay alright "
430,"696910285.0","Google Crown service Maria speaking how can I make you smile whatever forever okay it is electric or it's Oscar if you after 4:10 around 10:00 what was the what is a convenient for you what up for Oklahoma top I will have died and I give you a call to reschedule then that would be that was on the right I like that later that disposal the next week is also fully booked pretty much three quarters of a day the 26th would be the first $0.05 group someone else that's the Coles okay or in the morning like around excessive hair I was reading tips instructions okay and then okay okay okay alcohol three pair outside I'll repeat okay Murano from not funny and then Parker all clear okay love you bye okay alright "
431,"696910285.0","crossword okay it is in the chorus ask her if you after 4:10 around 10:00 what was the what is a convenient for you what up for a cop I will have that I give you a call to reschedule that would be that was on the rise early so I will have to give you a call so like out later that going to be available for that disposal look like next week is also fully booked pretty much three quarters of the way there the 26th would be the first $0.05 group someone else that's the Coles 30 yeah okay or coming in the morning like around excessive hair I was reading tips instructions okay okay okay everything okay okay parasite I'll repeat okay okay you are so come on back order prefer all clear okay love you bye okay okay alright "
432,"697060650.0","I know "
433,"697060650.0","I know "
434,"697060650.0","bye now "
435,"697060650.0","I know "
436,"697060650.0","bye now "
437,"697060650.0","bye now "
438,"697524037.0","book repair 453 our hours are Monday through Friday 7:30 p.m. for Martha is now regarding furnace or Perkins "
439,"697524037.0","4453 our hours are Monday through Friday 7:30 p.m. for Martha regarding furnace or Perkins "
440,"697524037.0","forgot to 50453 our hours are Monday through Friday 7:30 p.m. for Martha is now regarding furnace or Perkins 4 p.m. "
441,"697524037.0","for 5 people 453 her hours are Monday through Friday 7:30 p.m. for Martha regarding Furniture Company "
442,"697524037.0","4453 our hours are Monday through Friday 7:30 p.m. for Martha at 4 regarding furnace working hours for 4 p.m. when you call "
443,"697524037.0","forgot to 5 people 453 our hours are Monday through Friday 7:30 p.m. for Martha is now regarding Furniture Company "
444,"697957857.0","Michael Pina if you can work it out you know "
445,"697957857.0","I prepare that way if you can working after our I'll let you know "
446,"697957857.0","I'm preparing working after hours you know "
447,"697957857.0","I'm preparing if you can working after hours you know "
448,"697957857.0","Michael pain if you can work it out you know "
449,"697957857.0","Michael Pina if you can work it out you know "
450,"698335836.0","Carmichael "
451,"698335836.0","okay "
452,"698335836.0","okay "
453,"698335836.0","we have an over so I'm like a little pool house do I don't know we covered M as in Mary AR h i n e appointment after work on a timer okay "
454,"698335836.0","Carmichael "
455,"698335836.0","my sister install we have an overlap so go on like a little pool house do I don't know where you cuz it's just ohh M as in Mary AR h i n e unless his appointment after work kind of timer okay "
456,"698441860.0","thank you bye bye "
457,"698441860.0","okay okay so is it no comma alright heart okay I have work for you before tomorrow I have time for a looks like a fucking time for tomorrow the 14th I can get someone there up early bird okay honey yeah alright Michael we have a study at home okay fine I will ask him for tomorrow I'll give you a call for tomorrow tomorrow night okay it's my have a great day and we'll talk to you tomorrow thank you bye bye "
458,"698441860.0","thank you bye bye "
459,"698441860.0","thank you bye bye "
460,"698441860.0","thank you bye bye "
461,"698441860.0","okay okay so is it no problem alright contact our the water heart okay leaving work for you before tomorrow looks like people come time for tomorrow for school so I can get someone there okay up early bird alright Michael we have a study at home okay Tony fine I will call her tomorrow time tomorrow baby comma okay okay it's my thank you bye bye "
462,"698841118.0","this is Christine I you guys coming out to my place this morning for new part I didn't work the exact same thing minute call me back "
463,"698841118.0","this is an idea I'm coming out to my place this morning she was our new part I didn't work leave actually I think it's all be there in a minute "
464,"698841118.0","hi you are coming out of my place this morning she was our new part I didn't work exact same thing I guess minute call me back "
465,"698841118.0","a minute call me "
466,"698841118.0","this is an idea I'm coming out to my place this morning who is our new part I didn't work leave actually I think M&S "
467,"698841118.0","minute call me back "
468,"699215555.0","okay if I don't answer this if you're saying how can we make me smile okay then work for you before okay and what's going on with your condition call Erica we send over invoices via email when we have to have someone today okay yeah for Electro so my hope it's a look at your furnace and your pricing an hourly rate okay and then upon completion I can take cash check Visa or Master hurt and so I have to schedule for tomorrow he's in the morning day is going have a preference "
469,"699215555.0","I guess I don't services what's going on with your super call Erica reseller for invoices via when we hope to have someone today okay well I could borrow for Electro so my income tax rate okay and then upon completion I can take cash check Visa or Mastercard and so I have a schedule for tomorrow he does have a couple holes in the morning as to where day's going if you have a preference "
470,"699215555.0","I guess I don't service at this time okay beautiful call Erica we sent over for it okay four letter so my fax could come a little bit take a look at your furnace as well we kind of your house which I'm surprised you're not paying an hourly rate okay and then upon completion you can take cash check Visa or Mastercard and so I have to schedule for tomorrow he does have a couple holes in the morning to wear day is going have a preference later tomorrow morning you're welcome "
471,"699215555.0","Google Finance services call Erica we sent over alright when will someone okay yeah so my inspector could come a little bit to look at your furnace as well we kind of your health where we are which check your prices you're not paying an hourly rate okay and then upon completion you can take cash check Visa or Mastercard and so I have to schedule for tomorrow he does have a couple holes in the morning I can do to wear day is going if you have a preference "
472,"699215555.0","hi Curtis this is Diana we make you smile work be before what's going on with your call Erica we sent over alright okay yeah so my fax could come a little bit to look at your furnace as well we kind of your house which check your prices you know an hourly rate okay and then upon completion I can take cash check Visa or Mastercard so I have to schedule for tomorrow have a couple holes in the morning kind of an update to wear day is going if you have a preference "
473,"699215555.0","okay if I don't answer this is Dana Braun okay what's going on with your call Erica Miller invoices via when we have someone today okay an idea for a show so much for coming I hope it's a look at your furnace as well and you're getting the door price which surprised you're not paying an hourly rate okay and then upon completion I can take cash check Visa or Mastercard so I have in the schedule for tomorrow in the morning I can kind of a day is going if you have a preference later tomorrow morning you're welcome "
474,"699379437.0","formation for me see it for someone to come out and give you an estimate Parts okay I guess what your current water heater working okay at this point to learn how's it done work for you before okay okay better for you there 11 thank you so we're looking forward if I can get someone out there Wednesday morning or afternoon are you I can do our between 9 and 1 "
475,"699379437.0","I can do it between 9 and 11 "
476,"699379437.0","I can do our between 9 and 11 "
477,"699379437.0","I can do it between 9 and 11 "
478,"699379437.0","I can do our between 9 and 11 "
479,"699379437.0","I can do our between 9 and 11 "
480,"699550985.0","Aero 0 2 0 3 I'm having a problem here for underscore 10 our first what I'll do is I will have Diana call you tomorrow are you home okay I will have a number okay then thank you bye bye "
481,"699550985.0","service to make you smile 0 2 0 3 I'm having a problem here before underscore 10 is there I do have our first I will have to call you tomorrow I will have to confirm exhaust Packer MasterCard one of our home protection plan member okay yes tomorrow thank you bye bye "
482,"699550985.0","good morning eat at Moe's calling you in love this is really a problem I'm Christin leaking in the basement of you guys this morning I've been in the kitchen sink with after the way through and that's what stripping into the basement hey Simon cole correct your home number underscore underscore 10 sympatico dot c a c dot c a okay okay fine okay I'll pick up the kids because I like I said last night I thought it was the rain I thought it was the reason I'm going to go get down there now but I don't know if this is a good time to talk on the 1st so I looked under the sink this morning that's what it is it's a tablet case my husband needs to do all this and every parent do it hey going to call me first before you come down okay thank you very much okay "
483,"699550985.0","Home Service Marcus because I could make you smile 0020 3 I'm having a problem here underscore Tech is there our first tomorrow so I will have to call you tomorrow to confirm exact remastered heart one of our home protection plan member okay tomorrow thank you bye bye "
484,"699550985.0","make you smile 00203 I'm having a problem right before the underscore Tech our first I will call you tomorrow I will have to call you tomorrow to confirm exactly check or Mastercard one of our home protection plan member okay yes tomorrow thank you bye bye "
485,"699550985.0","yes good morning this is Edith most calling you in London phone number to fix a problem I'm for some reason checking in the face of you guys this morning underneath the kitchen sink without the way through and that's all stripping into the basement this is diamond correct home number under underscore 10 sympatico dot c a c dot c a I'm okay Wendy her good okay okay I'll get to 6:00 like I said last night I thought it was the rain I tried to put the reason I'm in fucking fuck it down there now but I don't know if this is a good time to tell attack on so I looked under the sink this morning about what it is it's a tablet case my husband needs to do all this thing I can't do it I will call him he'll so hey going to come before he comes out okay thank you very much bye bye now "
486,"699630620.0","home protect what is it August of last year was the last a little bit but I can get you in at anytime from now good night are you a couple of providers here for a funny thing here 7 or press 75165 now good time that works better for you I can get you in tomorrow Thursday morning afternoon hopefully train I can do late morning early afternoon later afternoon I've got firm so close someone give you a call when they're both out of work like 15 minutes maybe forecast for tomorrow afternoon Apple server "
487,"699630620.0","Cathy Mercer and I have the furnace protection I'm think I'm due for a furnace check but I would like you to look it up it's 26 black Acres Boulevard it was August so I can I booked an appointment now for Uggs no I can be home pretty much anytime however if you give me a date that I might be more specific okay what city does the 20th arms okay time on the 20th early afternoon work well 12:00 would be fine great thank you bye "
488,"699630620.0","Cathy Mercer and I have the furnace protection I'm think I'm due for a furnace but I would like you to look it up 26 black kickers Boulevard it was August so I can I booked an appointment now for all okay no I can be home pretty much anytime however if you give me a time I'll be more specific oh cool okay what city does the 20th okay what time on the 20th early afternoon work well 12:00 would be fine great thank you "
489,"699630620.0","Kathy marker and I have the furnace protection I'm think I'm due for a furnace check but I would like you to look it up it's 26 black Acres Boulevard it was August so I can I booked an appointment now for all okay no I can be home pretty much anytime however if you give me a date that I might be more specific okay okay what city does the 20th arms okay time on the 20th early afternoon would work well 12:00 would be fine great thank you bye "
490,"699630620.0","Cathy Mercer and I have the furnace protection I'm think I'm due for a furnace check but I would like you to look it up it's 26 black Acres Boulevard it was August so I can I booked an appointment now for Uggs so I could before yeah okay no I can be home pretty much anytime however if you give me a date that I might be more specific okay okay what city does the 20th okay I'm on the 20th early afternoon work well 12:00 would be fine yeah thank you bye "
491,"699630620.0","Kathy marker and I have the furnace protection I'm due for a furnace but I would like you to look it up it's 26 black Acres Boulevard it was August so I can I booked an appointment now for Uggs okay you know I can be home pretty much anytime however if you give me a time it'll be more specific okay what city does the 20th arms okay what time on the 20th early afternoon work well 12:00 would be fine thank you "
492,"701599813.0","from your friend from your friend to the side of the house I was okay alright moment take thank you I can keep coming for me to someone I can I can today if you are available we will see what I see what the problem is and then go ahead and put it in for a password and give you an accurate price Barbershop an hour it is 5 o'clock so he's going to like I said we'll go ahead from the price supposed to repair them properly it's two separate home or on the second one 3 her okay so they will bring the ladder any shipment that they may need and then from then on it'll be $69 per minute helping him Acura parts information address and so forth and then we can scheduler I have the means to me 4 okay number 945-727-0124 once work number okay okay dark for a Friday I will schedule but if that is if I can get them there in the morning which would be cold is that okay okay yeah okay I will have this Friday between 38 and $59 I'll let you know after when you get home you know comes on cash check Visa or Mastercard okay who outdoor story home hi okay thank you "
493,"701599813.0","from your from your to the side of the house house okay alright one moment please thank you hi there go to someone I can if you are available come on people see whether see what the problem is and then go ahead and put it in a passport barber shop and we'll go ahead from her price what what is needed to go ahead and give you a price for both to to repair them properly is it two separate home or on the cell okay so they will cross we will bring the ladder any shipment that they may need and then from then on it'll be $69 per minute Oakland Acura parts problem her some information address and so forth and then we can scheduler I have the new permit America for okay okay okay 472-701-2414 okay what are guys off for a Friday I will be on schedule but it's either the 29th or I can get them there first thing in the morning which would which would be easy to pull it is that okay no but other than that okay yeah okay I will have to serve it Friday between 30 it'll be $59 I'll let you know after when you get home so let me know when he's on the card okay who outdoor story homes okay thank you okay bye bye "
494,"701599813.0","from your from your the side of the house house okay alright one moment please thank you okay if you are available we will see what the problem is and then go ahead and put it in a popcorn Apple stock price price for both to the repair them properly is it for two separate home or on the 2nd okay from Bennett Oakland Acura parts okay okay I'm information address and so forth and then we can scheduler I have the permit committee 4 okay 477-0141 okay okay weather for a Friday I will schedule it is Friday the 29th I can get them there first thing in the morning which would be which would be easy to get a hold of you problems okay this Friday between 38 and $59 and let you know after when we get home so let me know when he's on so I will take cash check Visa or Mastercard okay outdoor story homes okay customer supplied thank you "
495,"701599813.0","thank you "
496,"701599813.0","thank you "
497,"701599813.0","thank you okay bye "
498,"701605286.0","1770 "
499,"701605286.0","770 "
500,"701605286.0","paragon "
501,"701605286.0","1770 "
502,"701605286.0","hurry "
503,"701605286.0","1770 "
504,"701704499.0","okay thank you bye bye "
505,"701704499.0","okay thank you bye bye "
506,"701704499.0","okay thank you bye bye "
507,"701704499.0","Christmas location is Austin okay cool cool decide to turn it off when okay alright all right now I'm available I'm available for 2 days and I'll give you a call tomorrow when he's available or have them are you available tomorrow decision hi there are you available tomorrow between 9 and 11 alright okay thank you bye bye "
508,"701704499.0","your pricing is Austin okay school good time okay alright all right now I'm available press 8 available for today I'll give you a call tomorrow when he's available have a are you available tomorrow decision hi there are you available tomorrow between 9 and 11 okay alright okay thank you bye bye "
509,"701704499.0","okay thank you bye bye "
510,"701917174.0","fashion is there any way okay "
511,"701917174.0","fashion is there any way okay "
512,"701917174.0","so not sure how fast you get is there any way okay bye "
513,"701917174.0","fashion is there any way okay "
514,"701917174.0","fashion okay "
515,"701917174.0","fashion okay bye "
516,"701984202.0","okay perfect "
517,"701984202.0","acrimonious July good morning afternoon Costco's to California that okay okay perfect bye "
518,"701984202.0","okay for Miss Maria July Morning to California that okay okay perfect bye bye "
519,"701984202.0","Chico California before July Gulf coast to California that okay okay "
520,"701984202.0","okay perfect "
521,"701984202.0","okay perfect "
522,"701988014.0","hi Maria it's me again but Dr Seema this coming Wednesday not if you don't have them who be kind okay well we were working out "
523,"701988014.0","Mike Mike he's not looking it's going to be coming home "
524,"701988014.0","hi Maria it's Dr gosh Wednesday not this coming Wednesday not the one 311 who will be kind okay well we were working now thank you "
525,"701988014.0","alright my keys at look for sign ups going to be "
526,"701988014.0","my keys at the person that's going to be coming home "
527,"701988014.0","hi Maria it's Jeff calling again but the plug in the dryer stuff so they were going to tell him that this coming Wednesday not Wednesday movie time okay alright we're working out "
528,"702358586.0","I'm over here no worries thank you have a permit ready "
529,"702358586.0","hi Lauren how are you you still okay so you're answering Harper yeah that may be good we are at the house is not I do business with them Tube8 you lie to me I'm over here no worries thank you have a penetrating "
530,"702358586.0","hi Lauren how are you can you steal I think it's closed today okay so you're in Concord yeah that may be good you are at the house is not I do business with them about to leave me I'm over here no worries thank you have a permit ready "
531,"702358586.0","YouTube "
532,"702358586.0","hi Lauren how are you I'm sure you're still okay so you're answering Harper yeah that may be good we are on for the house is not I do business with them I can't I have no worries thank you "
533,"702358586.0","YouTube "
534,"702749010.0","I can make "
535,"702749010.0","grow Sprint service "
536,"702749010.0","I can leave "
537,"702749010.0","I can leave in the morning "
538,"702749010.0","I can make you come home "
539,"702749010.0","I can make "
540,"703275545.0","okay Michael Savino what he looks like he's phone numbers are still the same page how I feel and why the home protective payment right alright for one of our technicians to come out to go over that with you see what the problem is and get you guys going to be here I guess I'm free for today hello first available is next season if you have a cancellation Google someone to give you a call just looking at the schedule here at the Delco back unless I can get someone at the end of the day with Indians our phone I'm going to be done could I could be something very minor actress how do I go about that okay okay well I'll put you in for Friday so excited okay 2 in the afternoon when are you available someone could call me to confirm for sure I'm there okay I will give you a call back you know something comes up okay "
541,"703275545.0","okay how can I make you smile for Michael so he knows what he looks like he's phone number to the same and you are the home protected for me right Alright I want to come over so cool that we probably can get you going to see here I guess anybody for today first available is next weekend if you have a pencil April and get someone to give you a call the CRV all caught up on this I can get someone at the end of the day and being.com as long as I could I Kool-Aid it if it could be something very minor after this hi there Carl eyes are so cool okay I will I'll put you in for Friday Friday be okay then in the afternoon are you available for Furniture Warehouse okay alright give me a call when you can talk okay "
542,"703275545.0","okay how can I meet you Michael Savino what he looks like he's phone numbers are the same and you are the home protected for me right Alright for one of our customers so go over that with you see what the problem is and get you going and to see here I guess but for today first available is next season if you have a cancellation good someone to give you a call looking at the schedule here be all caught up on this I can get someone at the end of the day and being.com I'm going to be done could I it could be something very minor actress how do I go about that okay okay well I'll put you in for Friday so excited okay 2 in the afternoon when are you available for I will have someone to confirm hooked up so come on out there give me a call back you know it comes up okay "
543,"703275545.0","Michael Savino what you look for our t-shirt phone number to the same and you are the home protected for me right Alright so cool that I can get you going buddy for today first available is next season if you have a pencil April and get someone to give you a call just looking at the schedule here at the Delco back unless I can get someone at the end of the day with him being careful I wonder does could I this could be something very minor actually how do I go about that okay okay well I'll put you in for Friday 6 I'll be up later in the afternoon when are you available I will have someone could call me to confirm for sure okay I'm going out there okay you know something comes up okay "
544,"703275545.0","okay Michael Savino what you look for our fees phone numbers are still the same taken we're on your the home protected for me to write alright for one of our demos still go over that with you see what the problem is and get you going to see here I guess sleep at home hello first available is next Tuesday if you have a cancellation I can get someone to give you a call just looking at the schedule here at the Delco got them if I can get someone at the end of the day like I'm being careful I'm going to be done could I hi Gregory boys are so cool okay well I'll pick me incorporated excited okay then in the afternoon I'm available or someone could call me to confirm for sure okay I'm going out there okay I'll give you a call when you know something comes up okay "
545,"703275545.0","okay Michael Savino what you look store hours phone numbers are still the same thing how I feel and why the home protective painting so great alright for one of our technicians to come out so close it out see what the problem is and get you going and to see here I guess buddy for today first available is next season if you have a cancellation in case someone to give you a call just looking at the schedule here at the Delco back unless I can get someone at the end of the day and then being careful as long as I could I call me today could be something very minor after this how do I go about that okay okay well I'll put you in for Friday excited okay I'll ask her know when are you available I will have someone could call them to confirm for sure okay almost there okay I will give you a call when you know something comes up okay take care "
546,"703335555.0","hi it's Jennifer Michelson calling I'm calling from Memorial Funeral Home in London hi I just God I just wish everything Park Road East between parking Library I know your day or so have a funeral that might be it's right away next week early we're here til at work if I can get someone here earlier I think you I think apps between 8:30 yes that's fine okay thanks a lot okay thanks "
547,"703335555.0","hi it's Jennifer Michelson calling I'm calling from Memorial Funeral Home in London hi I just look at it just service for Elliot parking Library I will make her feel better if we had it checked it okay have a funeral so that might be this right now next week early we're here til a walk if I can get someone here earlier I do between 8:30 yes that's fine okay thanks bye okay thanks bye bye "
548,"703335555.0","hi it's Jennifer Michelson calling I'm calling from Memorial Funeral Home in London hi I just look at it just insure everything have a funeral so that might be the trailer main hallway next week early we're here til at work if I can get someone here earlier I think you have between 8:30 that's fine okay thanks a lot okay thanks "
549,"703335555.0","hi it's Jennifer Michelson calling I'm calling from Memorial Funeral Home in London hi I just look at it just insure everything for Elliot parking Library I know your day or so have a funeral that might be it's right away next week really we're here til at work if I can get someone here earlier I think you I cap between 8:30 yes that's fine okay thanks a lot okay thanks bye bye "
550,"703335555.0","hi it's Jennifer Michelson calling I'm calling from Memorial Funeral Home in London hi I just God I just wish everything Park Road East between parking Library have a funeral that might be it's right in the main hallway next week early we're here til at work if I can get someone here earlier I need to do I cap between 8:30 that's fine okay thanks bye okay bye bye "
551,"703335555.0","hi it's Jennifer Michelson calling I'm calling from Memorial Funeral Home in London hi I just look at it just service parking Library yes I know your day or so have a funeral so that might be it's right away next week really we're here til at work if I can get someone here earlier I think I can catch up between 8:30 yes that's fine okay thanks bye okay thanks bye bye "
552,"703730672.0","I'm pretty certain "
553,"703730672.0","I'm pretty certain "
554,"703730672.0","I'm up appointment with her to the electrical work at my home phone I'm wondering what you have a scheduled for an interview the 24 that sounds like she's going to go back into work yeah not Monday "
555,"703730672.0","I'm pretty certain "
556,"703730672.0","Coco's appointment with her to fix the electrical work at my home what you have several cancer and then the 23rd just a second looking at Monday morning "
557,"703730672.0","appointment with her to get some electrical work at my home what you have several kinds of the 23rd looking at Monday "
558,"703846494.0","tell me you know it's on 2nd Street okay I guess you have somebody come out I take her to the scope in an upstairs bathroom because the very old one answered some of the news hourly rates are Cody alright "
559,"703846494.0","it's our job "
560,"703846494.0","it sounds like an hour but it's all "
561,"703846494.0","tell me you know Asian on 2nd Street okay I guess I should have some time I got a 1 acre in an upstairs bathroom and because the very old one and some of the new hourly rates are alright "
562,"703846494.0","before the start of work "
563,"703846494.0","tell me you know Asian on 2nd Street hey I guess I have some in an upstairs bathroom because it would just be to be the one that was a very old one in stray shins are Justin order to me some of the news hourly rates are golden what I mean "
564,"704211629.0","calling for her Services Chico's important to us please stay on the line and we'll be right with you hey Terry sister Terry's speaking what is your name okay how do you son God yeah they're not even quite yet this morning how do you spell your to you I can take me for me to have them call you when I can I'm hoping okay you're welcome "
565,"704211629.0","calling for Home Services Chico's important to us the line and we'll be right with you Neighborhood Services security key okay how do you spend that they're not in quite yet this morning how do you say April I will have them call you when I can star I'm hoping anyway okay you're welcome I know "
566,"704211629.0","thank you for calling Financial Services Chico's important to us please stay on the line and will Bright review stay on the road Neighborhood Services Cherry speaking what is the name yeah they're not in quite yet this morning how do you say April I can take me for me to have them call you when they come in so we are I'm hoping you're right okay you're welcome "
567,"704211629.0","calling for an in home service it's important to us hello Bright review stay on the road hey Terry sister Terry's speaking okay what is your name okay how do you spend that they're not in quite yet this morning how do you say yes you will have them call you when I can I'm hoping okay you're welcome "
568,"704211629.0","thank you for calling Financial Services Chico's important to us please stay on the line and we'll be right with you Neighborhood Services security key what is the name okay I'm sure Heidi's yeah they're not in quite yet this morning how do you spell April I can take me to have them call you when they come in okay you're welcome "
569,"704211629.0","thank you for calling for an in home services Chico's important or the line and we'll be right with you hey Travis it's Jerry speaking okay I'm sure Heidi's yeah they're not in quite yet this morning how do you spell your I can take me for me to have them call you when they come in don't we are I'm hoping anyway okay you're welcome "
570,"704213382.0","I'm calling back they probably not since it's part of the day is going to make up work maybe some Anderson from from where I know there there might be somebody to me to be canceling tomorrow so anyway "
571,"704213382.0","Franklin gun safe and part of the day is going to make up work maybe Anderson from from where I know there there might be somebody to me to be canceling tomorrow anyway "
572,"704213382.0","Curtis Clinic Whataburger Crafters you're welcome "
573,"704213382.0","I'm going to probably not since it's part of the day it's going to work maybe Anderson from where I know there are there might be somebody to me to be canceling tomorrow so anyway "
574,"704213382.0","Whataburger afternoon you're welcome "
575,"704213382.0","I'm going to say 7:10 so it's kind of a it's going to work maybe Sunday Anderson Cooper Square I know there there might be somebody to me to be canceling tomorrow so anyway "
576,"704214586.0","so you want it disconnected store okay okay August phone number hey I realize it's a member of ours the next available okay after that Bessemer available Sears definitely know they will be a $59 discount are you taking the come on site will go over everything first cousin accurate price then go ahead with with it will take to pass by Visa Mastercard I think so Thursday or Friday after free Thursday afternoon that would be after 12 o'clock so we can give you a call when someone will be on their way with us okay "
577,"704214586.0","to book an appointment for an electrical shop have a new phone I just want to fuck replacing 42 green 14725 534 shows it being lost a lot there's a Time on Wednesday morning right okay thank you "
578,"704214586.0","the book an appointment for an electrical have a try just one box between replacing 42 green 94725 534 shows it being zero cost a lot there's a Time on Wednesday morning okay okay "
579,"704214586.0","so you want it disconnected yes store okay okay phone number hey I will pick up the phone number of our send me pictures of the next available okay after that someone available here just let you know they will be a $59 discount are you taking the come on site will go over everything first is an accurate price then go ahead with with epic accept cash check Visa MasterCard I do have Thursday or Friday 3:30 afternoon that would be after 12 o'clock so we can give you a call when someone will be on their way but that's it okay great "
580,"704214586.0","so you want to disconnected remove door okay okay phone numbers are still the same there Paul hey I will take place in Cole member of our the next available okay after that someone available here definitely know they will be a $59 dispatch are you taking the come on site will go over everything first cousin I can replace then go ahead with with it will take to pass take Visa Mastercard I do now Thursday or Friday after free Thursday okay afternoon that would be after 12 o'clock so we can give you a call when someone will be on their way but that's it okay "
581,"704214586.0","Okay Google Apple so you want to disconnected remove door okay okay August phone number hey I will have my phone number Barre the next available okay after that someone available Sears so this let you know they will be a $59 discount are you taking the come on site will go over everything first season I can reply Sanger headrest Lissa it will take the past take Visa MasterCard I do have Thursday or Friday 3 Thursday okay afternoon that would be after 12 o'clock so we can give you a call when someone will be on the way but that's it okay great "
582,"704901787.0","Aquarius where can I go find attorneys to give you an accurate price whore okay no problem I put a remote because he knows and then who wrote to say good night okay so how you heard it all okay perfect alright I'll have someone there I think ohh between 2 and 40 thank you "
583,"704901787.0","bye "
584,"704901787.0","bye "
585,"704901787.0","okay perfect alright I'll have someone there at Pecos between 2 and 40 thank you "
586,"704901787.0","okay perfect alright or have someone there he goes between 2 and 40 "
587,"704901787.0","bye "
588,"705472052.0","I forgot "
589,"705472052.0","for that "
590,"705472052.0","I forgot "
591,"705472052.0","the girl for summer "
592,"705472052.0","hey Todd Walker for that "
593,"705472052.0","after that "
594,"705735897.0","one of these seconds are talking about replacing old 60 amp fuse pills does anybody there that might be able to answer a couple of questions so can you switch the breaker panel yeah I guess that's the big car city of Malden Mass like to be have to come I was in they have to come and just connect or the feed from the street no comma credit card becoming disconnect and charger for a meter McLennan Haider won't charge it to the house it sounds like it's all done through the electrician yesterday my dad's house so I'm going to talk with them first to find out I'm lying Whispers hey John give me a call back when do next month or anything at least when are around and then what I'll do is I'll come back and schedule an appointment and I can just go through everything alright have a great call back "
595,"705735897.0","who are you the website and looking at one of these sessions are talking about replacing old 60 amp fuse does anybody that may be able to answer couple your questions fucking sweet to breaker panel yeah I guess the big question bar city of London master like to be have to come I was in they have to come and just connect or the feed from the street okay no comma credit card having disconnect and charger for a meter McLennan Haider won't charge it to the house it sounds like it's all done through the electrician yes sir this dad's house so I'm going to check with them first if I know I'm lying Whispers hey John give me a call back okay when do next month or anything at least when are around and then what I'll do is I'll come back and schedule her appointment and I can just go through everything alright give me a ring call back "
596,"705735897.0","one of these II are talking about replacing old 60 amp fuse pills does anybody there that may be able to answer a couple of generic questions about getting the switch the breaker panel yeah I guess the big question is are city of Malden Mass like to be have to come I was able to come and just connect or the feet from the street no comma credit card becoming disconnect and charger for a meter McLennan Haider won't be charged it to the house it sounds like it's all done through the electrician dad's house so I'm going to talk with them first if I know I'm line which person hey John give me a call back when do next month or anything at least when are around and then what I'll do is I'll come back and schedule her appointment and I can just go through everything alright give a great time call back "
597,"705735897.0","one of these sessions are talking about replacing old 60 amp fuse pills does anybody there that may be able to answer couple your questions so get in the switch the breaker panel yeah I guess the big question city of Malden Mass like to be have to come I was able to come and just connect or the feet from the street no comma credit card becoming disconnect and charger for a meter McLennan Haider won't charge it to the house it sounds like it's all done through the electrician yes sir this dad's house so I'm going to talk with them first if I know I'm lying Whispers hey John give me a call back okay when do next month's rent maybe at least when you're around and then what I'll do is all I'll come back and schedule an appointment they can just go through everything alright you have a great day perfect call back "
598,"705735897.0","who are you website and I'm looking at one of the second they're talking about replacing old 60 amp 2 pills does anybody that may be able to answer couple your questions fucking sweet to breaker panel yeah I guess the big power bar city of London master like to be have to come I was able to come and just connect or the feet from the street no comma credit card becoming disconnect and charger for a meter McLennan Haider won't charge it to the house it sounds like it's all done through the electrician yes sir this dad's house so I'm going to talk with them first if I know I'm line which person hey John give me a call back okay when do next month or anything at least when are around and then what I'll do is I'll come back and schedule an appointment and I can just go through everything alright give a great time perfect call back "
599,"705735897.0","who are you website and I was looking at one of the second they're talking about replacing old 60 amp fuse does anybody that may be able to answer couple your questions fucking sweet 2 breaker panel yeah I guess the big bar city of London master like to be have to come I was able to come and just connect or the feet from the street no comma credit card becoming disconnect and charger for a meter McLennan Haider won't charge it to the house it sounds like it's all done through the electrician yes Eric my dad's house so I'm going to talk with them first to find out I'm lying whisper hey John give me a call back okay when do next or anything at least when are around and then what I'll do is I'll come back and schedule her appointment and I can just go through everything alright perfect call back "